Location,Model,n_train,n_val,n_test,Train_R2,Train_RMSE,Train_MAE,Train_MAPE,Train_MedAE,Val_R2,Val_RMSE,Val_MAE,Val_MAPE,Val_MedAE,Test_R2,Test_RMSE,Test_MAE,Test_MAPE,Test_MedAE,BestModelFile,FeatureRowsUsed
113/19 Sok. No:10 İzyuva,RandomForest,15,3,4,0.41795126967626206,0.18606610082057123,0.15869128595635498,0.0017633983951134823,0.18021176438317354,-11.91399812953894,0.7497640376208818,0.7194290809779554,0.00806746838770382,0.7845683884815173,-17.389755492410686,0.6114187528976398,0.5917735973354503,0.00662362482530441,0.6317764888684181,ai_outputs\per_location_next_week\models\113_19_Sok._No_10_İzyuva_best_RandomForest.pkl,22
1620/19 İle 1620/39 Sok. Kavsağı Cengizhan,XGBoost,15,3,4,0.7600474335497238,0.22001086666932151,0.14762438587373009,0.0016539316790404423,0.08958226333558628,0.17589372911755663,0.2342969549351376,0.1789918742906309,0.002010682182496321,0.11632132923858762,0.19880104948888766,0.17602601623756783,0.12931063602568216,0.0014446269352771492,0.063960070596913,ai_outputs\per_location_next_week\models\1620_19_İle_1620_39_Sok._Kavsağı_Cengizhan_best_XGBoost.pkl,22
1643/7 Sok. No:8 Adalet Mah,GradientBoosting,15,3,4,-5.678821318100269e-05,0.4852541149907543,0.41330740845354985,0.004631009077808029,0.48239762291272825,-0.030031550951840957,0.21024938341950203,0.20662298616301675,0.002312739859731053,0.20269689488810627,-1.108556229536081,0.13949254260916344,0.1265967430682018,0.001419311788315948,0.13376820843007664,ai_outputs\per_location_next_week\models\1643_7_Sok._No_8_Adalet_Mah_best_GradientBoosting.pkl,22
1754 Sok. No:25 Asm Mevlana,XGBoost,15,3,4,0.485373102385949,0.20736709461373987,0.1593522792196647,0.0017722856546974475,0.1598135162228118,-3.758483369553991,0.5924442066958634,0.5263124846435735,0.005896031105132478,0.3495270215069155,-6.375477430782916,0.7498369944536704,0.6978896134792372,0.007831086809428246,0.6569535743250938,ai_outputs\per_location_next_week\models\1754_Sok._No_25_Asm_Mevlana_best_XGBoost.pkl,22
1799 Sok No:14 Bostanlı,RandomForest,14,3,4,0.1389949666743484,0.3115846905275865,0.248038710597001,0.0027833049012707402,0.2074379066022587,-7.964824299810678,0.393522948412605,0.3699287560807581,0.004135665519656594,0.3324698241748507,-0.06755227336654523,0.47796910694952927,0.4355075703293174,0.004875863236272009,0.46477758724671503,ai_outputs\per_location_next_week\models\1799_Sok_No_14_Bostanlı_best_RandomForest.pkl,21
220 Sok. No:163/b Çamlıkule,GradientBoosting,15,3,4,-0.0011339987276219876,0.17761228946265012,0.13721317938034852,0.0015207260254984786,0.10552193451323433,-0.01911152165142438,0.10440679824706725,0.08451238754385788,0.0009369614034994705,0.10532206217240514,-1.9943972428792884,0.18668558931626397,0.16019842117022165,0.0017726203375719519,0.17113231158316466,ai_outputs\per_location_next_week\models\220_Sok._No_163_b_Çamlıkule_best_GradientBoosting.pkl,22
273/4 No:6 Aile Sağlığı Merkezi Özkanlar,RandomForest,14,3,4,0.1957440203402251,0.462780655841754,0.4133507366093312,0.004624117999391345,0.43672861460623125,-0.2318959883033438,0.28239390983336243,0.23468752596142414,0.002626437212536242,0.3104264859131973,-0.1690472704620718,0.5806315332890571,0.4961229599971091,0.005588109856332197,0.4839834436036412,ai_outputs\per_location_next_week\models\273_4_No_6_Aile_Sağlığı_Merkezi_Özkanlar_best_RandomForest.pkl,21
3 İle 3/8 Sok. Kvs. Adatepe,GradientBoosting,15,3,4,-0.001645945803719906,0.16038941227520612,0.12972610483025354,0.0014378048438978715,0.08558155445557247,-0.022982362426763103,0.0973906279457351,0.08668973256186518,0.0009611566203194342,0.1081382508458546,-0.18222097360589662,0.11981517164302308,0.1093103249116325,0.0012109396574718843,0.1039975480389046,ai_outputs\per_location_next_week\models\3_İle_3_8_Sok._Kvs._Adatepe_best_GradientBoosting.pkl,22
34.sok. No:5 Tsm Güzelyalı,GradientBoosting,14,3,3,-0.00024403360547498032,0.30500853889653673,0.22563041751735927,0.0025142406080107377,0.1230907035068185,-0.12974851749176897,0.27474741981336986,0.2733630787911352,0.003046930467895386,0.27038038741314097,-0.18864964880929747,0.30225917963266824,0.2957609554253793,0.0032986092622569706,0.2630189428639085,ai_outputs\per_location_next_week\models\34.sok._No_5_Tsm_Güzelyalı_best_GradientBoosting.pkl,20
3513 İle 3514 Sok. Kvs Levent,XGBoost,15,3,4,0.5957848746465171,0.19132745896247372,0.14078890539030814,0.0015683896058838584,0.08459240716609884,-0.14006979039068468,0.9073242722362738,0.7823768456453214,0.00878571600925015,0.47780269247718365,-46.65939235425822,0.441475398059659,0.4297166925018665,0.004763943777499037,0.3864798867221211,ai_outputs\per_location_next_week\models\3513_İle_3514_Sok._Kvs_Levent_best_XGBoost.pkl,22
3586 Sok. No:1 Gürçeşme,RandomForest,14,3,3,0.1577189340068068,0.20436580806218718,0.14908998423518025,0.0016521196569693694,0.10239345508210818,-0.5076237813992361,0.13129330820937224,0.0952874455012136,0.0010579857849379092,0.03697932353475153,-4.837598945963652,0.5396935261717739,0.4859903213796315,0.005421885389034087,0.4613129313365647,ai_outputs\per_location_next_week\models\3586_Sok._No_1_Gürçeşme_best_RandomForest.pkl,20
3948/6 Sok. No:2 C.çeşme,GradientBoosting,15,3,4,-0.0010899140346150027,0.24487219311952974,0.1795902365170292,0.0019980286373123208,0.14183914613884951,-1.9534124991095037,0.12025804638154593,0.09780230069682243,0.0010846322289857007,0.0709004291562394,-1.264299187237027,0.31187122861965144,0.28354893250851987,0.003138413181891331,0.2876331403892962,ai_outputs\per_location_next_week\models\3948_6_Sok._No_2_C.çeşme_best_GradientBoosting.pkl,22
4058 Sok. İle 4056 Sok. Kavşağı,XGBoost,14,3,4,0.1888703153517297,0.2175169557708362,0.15177021137542315,0.0016808940471360254,0.09819858213954546,-0.3894612159298545,0.18138548948550218,0.17967980504666534,0.001992898257074513,0.164562321591049,-0.07459590802446936,0.13890470998417487,0.13174880043316506,0.0014619425441978302,0.13798564969726357,ai_outputs\per_location_next_week\models\4058_Sok._İle_4056_Sok._Kavşağı_best_XGBoost.pkl,21
4969 Sok. No:2/a Çamlık,Ridge,15,3,4,0.8938687560615174,0.06119075490884736,0.04727519589409136,0.0005247488240620103,0.037460277609753234,-5.079025124540881,0.2498027077344686,0.2159575341890966,0.002398714086184022,0.29133858360573583,-0.022866719856966977,0.21164446751283242,0.16787428074079003,0.001857998402657661,0.1301498225261355,ai_outputs\per_location_next_week\models\4969_Sok._No_2_a_Çamlık_best_Ridge.pkl,22
514 Sok.. No:3/a Beyazevler,GradientBoosting,15,3,4,-0.00025137182633550026,0.1837036122139763,0.1542177037315014,0.0017124167880167478,0.12695779972533217,-0.06870586066390993,0.09399558338645905,0.0833878087518561,0.0009251659432147502,0.0893324986541586,-0.0022950632662208648,0.3223102824834081,0.30596827157583206,0.003398252952167868,0.2905450997815393,ai_outputs\per_location_next_week\models\514_Sok.._No_3_a_Beyazevler_best_GradientBoosting.pkl,22
52/74 İle 52/18 Sok. Kvs Esendere,GradientBoosting,15,3,4,-1.2477197404381357e-05,0.43350070988026723,0.31768505378729134,0.0035459263543577545,0.22839162346616604,-0.1921955368864876,0.33128406144110106,0.3056987877447976,0.003406449803999782,0.259026680198275,-0.5682333328822429,0.6974532332620561,0.6295716431575009,0.007048561441972797,0.6583235147713111,ai_outputs\per_location_next_week\models\52_74_İle_52_18_Sok._Kvs_Esendere_best_GradientBoosting.pkl,22
5227 Sok. No:35/c Çamdibi,GradientBoosting,14,3,4,-0.0010757652639674653,0.6044153448011207,0.5282005279890711,0.005893495054511087,0.618806343136697,-65.66107656294159,0.4802255049890193,0.4766099007780629,0.00534465256799798,0.438721719254346,-1.013572647359303,0.6500089625000098,0.5103788105069711,0.00574497635770529,0.4159224704428084,ai_outputs\per_location_next_week\models\5227_Sok._No_35_c_Çamdibi_best_GradientBoosting.pkl,21
5777 İle 5780 Sok. Kvs. U. Mumcu,GradientBoosting,15,3,4,-0.00022327549277800784,0.193199305888665,0.16077456821901706,0.0017842110978924625,0.14179484060400682,-0.25683867860130727,0.16135680181806963,0.14442565192337042,0.0016047871632766612,0.10722546403805211,-0.22372797989231485,0.6348392607836729,0.48951170367829633,0.005474888659962613,0.3272004892013669,ai_outputs\per_location_next_week\models\5777_İle_5780_Sok._Kvs._U._Mumcu_best_GradientBoosting.pkl,22
6276 Sok.i̇le 6279 Sok Kavşağı,XGBoost,14,3,4,0.7169316037809597,0.22404268512568604,0.16334576647893329,0.0018331667510031108,0.1104466292593429,0.27654353558480615,0.1797721376949945,0.1439898955416036,0.0016079122894864905,0.10992406527810772,0.1548901575687225,0.394134984337728,0.377154442755927,0.004231698316320548,0.37802582547963226,ai_outputs\per_location_next_week\models\6276_Sok.i̇le_6279_Sok_Kavşağı_best_XGBoost.pkl,21
65/17 Sok. No:45 Yumurtacı Ahmet Camii,XGBoost,14,3,4,0.5120239120490662,0.21446756591874075,0.15474033505830675,0.0017252161267046246,0.10299660761912577,-6.25505183707149,0.18842444508707365,0.15071888232783218,0.0016825695798839454,0.11012249179681532,-0.7548521699519508,0.38106462965527216,0.3100189041768182,0.003470938958610593,0.2256311711972785,ai_outputs\per_location_next_week\models\65_17_Sok._No_45_Yumurtacı_Ahmet_Camii_best_XGBoost.pkl,21
6730 Sok. No:6/a Yamaç Mah,GradientBoosting,15,3,4,-5.3782091113951935e-06,0.49789194712463586,0.42652980734954915,0.00477767408177571,0.45856294767976635,-0.3102609404203014,0.3177462688861266,0.2934829893233039,0.0032946794204787642,0.20829478006517377,-7.891006624462072,0.13152799018245026,0.12391073154799415,0.0013893747565104397,0.13588322945209796,ai_outputs\per_location_next_week\models\6730_Sok._No_6_a_Yamaç_Mah_best_GradientBoosting.pkl,22
6800 Sok. No:9 Sağlık Ocağı Evka 2,Ridge,14,3,4,0.7789562876322992,0.16279579748931633,0.1414543638309423,0.0015879568461072853,0.17957927755946912,-17.447522056433687,0.5808157359649316,0.4469945406134457,0.004998671393820777,0.22697590667335987,0.7277481951829032,0.1801198955851016,0.16537088430048996,0.0018547534364787266,0.16970416263782084,ai_outputs\per_location_next_week\models\6800_Sok._No_9_Sağlık_Ocağı_Evka_2_best_Ridge.pkl,21
682/4 Sok. No:2 Gediz,GradientBoosting,14,3,4,-0.00024914935711173314,0.23640082993048034,0.17929313616534362,0.001986888685587599,0.12654997407722846,-0.26843003518357067,0.12500403587786119,0.0843575278546685,0.0009364598930101838,0.04027864825168592,-5.354563781273034,0.42599142646668714,0.3910389652601687,0.004355065408101799,0.36055826358726506,ai_outputs\per_location_next_week\models\682_4_Sok._No_2_Gediz_best_GradientBoosting.pkl,21
7019 Sok. No:20/3 Merkez Cami Gümüşpala,GradientBoosting,12,3,3,-0.0011284573092487094,0.3444171271714639,0.295380855808651,0.0033122675322230424,0.2885898876993451,-1.7733242610218825,0.3229907062938602,0.26526717605806976,0.002962129778693002,0.34522539472274616,-0.19128819936227326,0.42584152884146753,0.42460903106734804,0.004773082925177685,0.434487419780865,ai_outputs\per_location_next_week\models\7019_Sok._No_20_3_Merkez_Cami_Gümüşpala_best_GradientBoosting.pkl,18
7191 Sok. No:1/a Doğançay,GradientBoosting,15,3,4,-0.00010047110015021232,0.42213297450636134,0.3583156642996651,0.0040163652047623365,0.31518768988301815,-1.5663966868534818,0.29941885143384267,0.23392041461238477,0.0026309075088144147,0.112304105042071,-0.05091661193530794,0.1590080993776033,0.14012847490163693,0.0015707197025807463,0.12633851591452583,ai_outputs\per_location_next_week\models\7191_Sok._No_1_a_Doğançay_best_GradientBoosting.pkl,22
7348 Sok. No:2 Polis Merkezi Yamanlar,XGBoost,15,3,4,0.7579277713811796,0.24209338631941876,0.14819721758317808,0.0016617813868542478,0.08725626037703194,-1.1942673725189956,0.3806999303003075,0.3196807077361304,0.003584983056769041,0.4588403468878113,0.04640709400859255,0.11339593654902978,0.0972634008156632,0.0010894910730542239,0.11715394886552843,ai_outputs\per_location_next_week\models\7348_Sok._No_2_Polis_Merkezi_Yamanlar_best_XGBoost.pkl,22
7659/2 Sok. No:1/b Postacılar Mah,RandomForest,15,3,4,0.17823581353087026,0.4702242125762843,0.40691226280624637,0.004558218988737706,0.43527713675401003,-0.16957925290850628,0.297231184673632,0.2618323194329643,0.0029366114358205116,0.34402808423064357,-0.953502153218422,0.09263889405899292,0.08500155721481661,0.0009534842705096585,0.08011005343899313,ai_outputs\per_location_next_week\models\7659_2_Sok._No_1_b_Postacılar_Mah_best_RandomForest.pkl,22
8022/1 Sok. No:8/1-b Ataşehir,GradientBoosting,14,3,4,-0.0004687653873347575,0.496295297930312,0.40116506176939637,0.004497757061898035,0.4342463495490918,-7.032305286742352,0.28438815651460025,0.2660971730977053,0.0029782871947118803,0.19562625922318944,-0.03045109696267878,0.4773463035199396,0.4632637340783319,0.005193503244626854,0.4714318130936377,ai_outputs\per_location_next_week\models\8022_1_Sok._No_8_1-b_Ataşehir_best_GradientBoosting.pkl,21
8172 Sok. No:90/1 Güzeltepe,XGBoost,15,3,4,0.7942957387789242,0.22868751571372592,0.15055211657499967,0.0016872109834461962,0.11152735992475016,-1.2382967254575328,0.37740310460311405,0.2625307481735983,0.0029516455095489045,0.13154423307790353,-3.665969910728296,0.12447552999786857,0.0900901375055696,0.001010209670231074,0.08648633056048993,ai_outputs\per_location_next_week\models\8172_Sok._No_90_1_Güzeltepe_best_XGBoost.pkl,22
854 Sok No:51/a,GradientBoosting,14,3,4,-0.0015613469958439818,0.44495362436738395,0.35254441226378525,0.003936237661430419,0.2773141285322751,-12.02749723912417,0.5516317629236921,0.5300372632543476,0.005883888876600886,0.43389306634801983,-0.054376835742951046,0.12988229818703975,0.12373884173121041,0.001381466822068502,0.11685474958796505,ai_outputs\per_location_next_week\models\854_Sok_No_51_a_best_GradientBoosting.pkl,21
8790/5 Sok. 9 Eylül Camii Balatçık,GradientBoosting,14,3,4,-0.0002029491980353182,0.5500191827075285,0.4610395893635482,0.005171053579221148,0.3748925878469649,-4.874063529840566,0.3664050399687634,0.33376263236509846,0.0037362325841890226,0.2736758431837387,-2.8339742718818712,0.699876012883932,0.6073077329373433,0.006767735582901176,0.7700116439592222,ai_outputs\per_location_next_week\models\8790_5_Sok._9_Eylül_Camii_Balatçık_best_GradientBoosting.pkl,21
8809 Sok. No:141/a Evka-5,RandomForest,15,3,4,0.17895964986004131,0.4282853735120761,0.3830031869038313,0.004305260945461217,0.3443328570024562,-1.8192809687362432,0.3475207134768791,0.2791363742257573,0.003122708106841948,0.2645542686588982,-2.534097672100501,0.46530521385983087,0.3896460048277106,0.0043517388711846,0.4481617596374434,ai_outputs\per_location_next_week\models\8809_Sok._No_141_a_Evka-5_best_RandomForest.pkl,22
8818 Sok. No:38 6 Nolu Sağlık Ocağı Egekent,RandomForest,15,3,4,0.20268156119351677,0.41011628938113315,0.3368973112459116,0.003782672814074219,0.30463641681448905,-0.34683351971061027,0.28489544398311667,0.27176350886089534,0.0030411559705181956,0.31831877497253913,0.15486017875135216,0.29105579607613247,0.27475591113568854,0.003081359819410462,0.31220708432312705,ai_outputs\per_location_next_week\models\8818_Sok._No_38_6_Nolu_Sağlık_Ocağı_Egekent_best_RandomForest.pkl,22
8819 Sok. No:13 Egekent,XGBoost,14,3,4,0.7682496400483412,0.21665361051552365,0.1685406507043043,0.001893585732237984,0.13189231018306913,-10.31107217063643,0.332681007271,0.30891878928317357,0.003460349015966821,0.32178272352742,-0.3752943098162804,0.5450546150929607,0.4446433282856326,0.004963355816101597,0.47601733339796226,ai_outputs\per_location_next_week\models\8819_Sok._No_13_Egekent_best_XGBoost.pkl,21
914 Sok. No.7/a Ufuk Mah,XGBoost,15,3,4,0.45977509052335963,0.1939966129033207,0.13957496031258454,0.001554850270269884,0.0965871514650587,-0.11412526203387086,0.9658965943709316,0.8047773185186647,0.00905079666200677,0.4634979822830019,-7.468112634251428,0.6086866673173489,0.5732802301787565,0.0063430899224565275,0.4964767917116788,ai_outputs\per_location_next_week\models\914_Sok._No.7_a_Ufuk_Mah_best_XGBoost.pkl,22
A.hatboyu Cd. İle 545 Sok.. Kvs. Akıncılar,RandomForest,15,3,4,0.273001665752833,0.18542796044743276,0.1545324227387141,0.001713348541406517,0.1523798217781831,-0.4884514716471702,0.04714651825974928,0.042425940790612536,0.00047072117121448737,0.04965600491810562,-0.059683341666194156,0.596869654878638,0.3960146779285161,0.00443181667220227,0.21331868603260773,ai_outputs\per_location_next_week\models\A.hatboyu_Cd._İle_545_Sok.._Kvs._Akıncılar_best_RandomForest.pkl,22
A.i̇pekçi Cd. İle 4040 Sok. Kvs. Yesilova,RandomForest,15,3,4,0.40849172939991685,0.26051446535088074,0.1889216375726041,0.0021011220798111633,0.07974445074559355,-3.0291148507383863,0.49043344186397614,0.42474835618010803,0.00475971211941534,0.33976413682050577,-3.5418311929752138,0.6461437212316768,0.5709609545744954,0.006409833842414872,0.5142771414472449,ai_outputs\per_location_next_week\models\A.i̇pekçi_Cd._İle_4040_Sok._Kvs._Yesilova_best_RandomForest.pkl,22
Abdullah Arda Meydanı No:29 Arkadaşlar Kahvesi,GradientBoosting,14,3,4,-6.17248954735139e-05,0.5293705364664056,0.27951873796032445,0.0031250993835414587,0.11260162080074565,-1.115429329093975,0.20961268148012496,0.18125784756349125,0.002008755167212904,0.2010393857649717,-0.2613525032020534,0.4862086068956461,0.36389283655815063,0.004067779832321662,0.28460791844102573,ai_outputs\per_location_next_week\models\Abdullah_Arda_Meydanı_No_29_Arkadaşlar_Kahvesi_best_GradientBoosting.pkl,21
Alim Dağhan Cd. İle 6716 Sok. Kvs,RandomForest,15,3,4,0.21462859169226223,0.44339759170804455,0.37431715033323865,0.004193146333262928,0.36862992197298183,-0.14970343653305385,0.29629528855709214,0.2690497764390993,0.0030202354213695014,0.21906326243897922,-3.6105767847351933,0.08666144249019402,0.07149195432688771,0.0008014478396331543,0.05325274037539174,ai_outputs\per_location_next_week\models\Alim_Dağhan_Cd._İle_6716_Sok._Kvs_best_RandomForest.pkl,22
Altan Aydin İle 4165 Sok.. Kvs Aktepe,RandomForest,15,3,4,0.20344384697831697,0.15137572939246252,0.12890569292908652,0.0014307631522119662,0.12452080435285495,-3.548746024692604,0.043441272364419456,0.03765551398185588,0.0004180355766157473,0.04096117587900494,-0.11240096334935057,0.22433917260996014,0.18853598552617257,0.002088917737831742,0.18027526506072888,ai_outputs\per_location_next_week\models\Altan_Aydin_İle_4165_Sok.._Kvs_Aktepe_best_RandomForest.pkl,22
Ankara Cad. İle Atatürk Cad. Kav,XGBoost,15,3,4,0.568793591930087,0.18740272164766966,0.14409857255476954,0.0016021725951177316,0.10957640928511125,-4.958953470711897,0.5620060941926034,0.5030949020396681,0.005635759265543096,0.36899097844604967,-14.739948569636503,0.7841663557006693,0.7610141541623143,0.008542357550873955,0.7216824019209298,ai_outputs\per_location_next_week\models\Ankara_Cad._İle_Atatürk_Cad._Kav_best_XGBoost.pkl,22
Atatürk Cad. İle Zübeyde Hanim Cad.kavşağı,RandomForest,14,3,4,0.131480312132646,0.37137212554609716,0.30372797445318767,0.003408484289771034,0.33805054846150995,-2.9336432010374294,0.3722824564929854,0.3217247437161272,0.0035939449199507314,0.24185630769659383,-0.010192448761583872,0.4478010379632436,0.42843422169710266,0.004798827641214537,0.3647844187310625,ai_outputs\per_location_next_week\models\Atatürk_Cad._İle_Zübeyde_Hanim_Cad.kavşağı_best_RandomForest.pkl,21
Başak Cd. No:16 Bahçe Cafe İnciralti,RandomForest,15,3,4,0.2617508790952604,0.431460066693837,0.27410073979999844,0.0030764493138899134,0.15169953810826087,-6.455977346064432,0.19468369506887423,0.1697894404578856,0.0018948944577866199,0.10271187791323655,0.11058727041215755,0.31040580243161275,0.3062253407998803,0.003426903239194242,0.32246639262505283,ai_outputs\per_location_next_week\models\Başak_Cd._No_16_Bahçe_Cafe_İnciralti_best_RandomForest.pkl,22
Başarı Cad.i̇le 170. Sok.kavşağı,RandomForest,14,3,4,0.13597307320932117,0.21147203810163048,0.15722351224857484,0.0017423636787523814,0.10974057307312535,-1.9667959985482133,0.051155813501309565,0.040336715920356404,0.0004473049946669445,0.02191500197687901,-3.240296524291022,0.5096050318558685,0.4447056752540881,0.00495987422979613,0.36971953166433735,ai_outputs\per_location_next_week\models\Başarı_Cad.i̇le_170._Sok.kavşağı_best_RandomForest.pkl,21
Başpehlivan Kara Ali Cad. No:25/a,GradientBoosting,14,3,3,-7.251248862294446e-05,0.3707856305754854,0.3185751614926216,0.003574235383479048,0.2831468461516522,-2.710820474426,0.46688619125929554,0.399049192033966,0.004452419526914996,0.45211550096915687,-0.01554797504895955,0.40730785282503784,0.38853128535708,0.004362447211857895,0.43806759781864457,ai_outputs\per_location_next_week\models\Başpehlivan_Kara_Ali_Cad._No_25_a_best_GradientBoosting.pkl,20
Cumhuriyet Meydanı No:16 Işıkkent,XGBoost,14,3,4,0.8676766597868781,0.22483027288344973,0.16579350750907093,0.0018510955890898959,0.1338702932647422,-0.35821628985042264,0.4049012804085787,0.37479331301936253,0.004182531264199363,0.3665286201184017,-0.46701496756168615,0.5088751649486016,0.37573953242607416,0.004228829083726456,0.3647806477660467,ai_outputs\per_location_next_week\models\Cumhuriyet_Meydanı_No_16_Işıkkent_best_XGBoost.pkl,21
Dicle Cad. No:88 Aile Sağlığı Merkezi,XGBoost,15,3,4,0.5465734717378746,0.19445423024920655,0.13839281256108507,0.0015413510560715739,0.13382295094955055,-0.22296804618558608,1.0397071439989456,0.8017905987790783,0.009038067175786762,0.35346222842260033,-13.760886169837473,0.3616442932404158,0.34340588369369485,0.0038069343412956134,0.31234328979996206,ai_outputs\per_location_next_week\models\Dicle_Cad._No_88_Aile_Sağlığı_Merkezi_best_XGBoost.pkl,22
Dogus Cad. İle A.yesevi Cd. Kvs. Kuruçeşme,RandomForest,15,3,4,0.2979915355586775,0.14518382149812778,0.1134412048189707,0.0012573037649595588,0.0845817114540921,-0.060795570424295065,0.17776782253444817,0.14411655033396187,0.001600864382842289,0.1348200288293384,-0.2844002242043904,0.10570947637765175,0.08420580618608398,0.0009325963752314171,0.08974383959662191,ai_outputs\per_location_next_week\models\Dogus_Cad._İle_A.yesevi_Cd._Kvs._Kuruçeşme_best_RandomForest.pkl,22
Ege Üni.kampüsü İtfaiye Çeşmesi/i̇zsu Teknik Amirlik,GradientBoosting,14,3,4,-0.000745992588877531,0.5858859094312023,0.5323444298480179,0.005940474186052639,0.566426918698248,-1.4876593763356563,0.3532558768036727,0.2994866738964059,0.003359587150369473,0.3854876708551416,-0.6491531731141111,0.5101821608260014,0.3917973117582285,0.004406278712439748,0.31972157916298016,ai_outputs\per_location_next_week\models\Ege_Üni.kampüsü_İtfaiye_Çeşmesi_i̇zsu_Teknik_Amirlik_best_GradientBoosting.pkl,21
Eski Izmir Cad. 3959 Kvs Uzundere,Ridge,15,3,4,0.7152694492722604,0.15279066182468548,0.09963225112754705,0.001109214634952233,0.06270339889114496,-11.408212794701225,0.25360769905016967,0.24186475185822096,0.002683465873743134,0.29293547928273256,0.04941314748776415,0.19558216790847144,0.14202738366005363,0.0015771891265129706,0.07013195523328619,ai_outputs\per_location_next_week\models\Eski_Izmir_Cad._3959_Kvs_Uzundere_best_Ridge.pkl,22
Eski Izmir Cad. No:562/a Kahve,XGBoost,14,3,4,0.1770728927548244,0.2194564481299838,0.1485167871353923,0.0016447565348651568,0.0949399214999147,-0.20605820109587336,0.21120798843985208,0.1762070324786388,0.0019576354284565806,0.16722049603271216,-0.13236322993916394,0.1285321596157638,0.12080093661804625,0.0013409568132535844,0.13185884043694784,ai_outputs\per_location_next_week\models\Eski_Izmir_Cad._No_562_a_Kahve_best_XGBoost.pkl,21
Fatih Cd. İle Beyazıt Cd. Tuğlacı Önü Mersinli,XGBoost,15,3,4,0.5559482618996462,0.21873177144475076,0.13599160134902205,0.001511322714075936,0.04734312217235015,-4.6935509370348605,0.542445000416551,0.49260227751247027,0.005518927714653263,0.4450815712008591,-1.574854189921532,0.647335582061165,0.555653294662843,0.006237155189740527,0.5632548851959456,ai_outputs\per_location_next_week\models\Fatih_Cd._İle_Beyazıt_Cd._Tuğlacı_Önü_Mersinli_best_XGBoost.pkl,22
Gaziler Cad. No:185 İtfaiye Önü,GradientBoosting,14,3,4,-0.0024238057829426563,0.4798818444675668,0.4016550753698504,0.004488511166062979,0.4016267369690425,-14.899428535760235,0.6111479177213267,0.5916166454749572,0.00656803604041939,0.5010184217475029,-0.13764115963888646,0.18092437383191756,0.16727637912391558,0.0018674930254463885,0.1576781095487121,ai_outputs\per_location_next_week\models\Gaziler_Cad._No_185_İtfaiye_Önü_best_GradientBoosting.pkl,21
Hakan Uysal Cad. No:273/1 Çay Mahallesi,XGBoost,15,3,4,0.7740894904978455,0.21305712304884003,0.15063671465761577,0.0016884695760447156,0.08818721722941802,-2.1190722270159172,0.3793108317957313,0.24552524517164898,0.0027612131215719268,0.046736663606409934,0.7209101697743703,0.10054048669598008,0.08979008687023082,0.0010043095134974309,0.08759266655750508,ai_outputs\per_location_next_week\models\Hakan_Uysal_Cad._No_273_1_Çay_Mahallesi_best_XGBoost.pkl,22
Hürriyet Bulvarı No:14/e,RandomForest,15,3,4,0.38276572956935706,0.31328788183458406,0.278521382182609,0.0031155556860573853,0.26854803394603266,-3.3130567039617818,0.6865688904081967,0.6333688639310869,0.007138875707585975,0.759761986844893,-4.486989739248533,0.645091737020061,0.5795540761215001,0.006532335092310671,0.6590867378020633,ai_outputs\per_location_next_week\models\Hürriyet_Bulvarı_No_14_e_best_RandomForest.pkl,22
Hürriyet Cad. Polis Mer. No:86 Atatürk,XGBoost,14,3,3,0.8358404888685868,0.21090888908054212,0.1651038588007562,0.0018472714964178753,0.18549535127770866,-3.1294424765804862,0.3922438434962491,0.315195467241755,0.0035341472984804644,0.28212941391687707,0.6503399258976486,0.25896196251998993,0.22141027226507978,0.002484506073092883,0.2124934335935933,ai_outputs\per_location_next_week\models\Hürriyet_Cad._Polis_Mer._No_86_Atatürk_best_XGBoost.pkl,20
I.sivri Cd. İle 254 Sok.. Kvs. Kozağaç,GradientBoosting,15,3,4,-0.0009228219133721183,0.16125177821610964,0.13011682022961396,0.001442769742483888,0.09405294929399588,-0.19219410215173038,0.32923226800699235,0.23739750248027747,0.0026444585354340228,0.15781110083602812,-1.727628324425698,0.1737038939547582,0.14778363829325158,0.0016354589243959023,0.14785931241682704,ai_outputs\per_location_next_week\models\I.sivri_Cd._İle_254_Sok.._Kvs._Kozağaç_best_GradientBoosting.pkl,22
Kahramanlar Cd. No:2 H. Bayram Camii,Ridge,15,3,4,0.9177650111470836,0.04919957739282805,0.04272635325890235,0.0004745304472832871,0.041707551264181575,-12.226481446284726,0.2738595879632839,0.20635469915845306,0.0022902805155841093,0.13891727487116157,0.4454988556786269,0.16398366836730643,0.14153642416655998,0.0015696303964881524,0.1704625223838292,ai_outputs\per_location_next_week\models\Kahramanlar_Cd._No_2_H._Bayram_Camii_best_Ridge.pkl,22
Kazım Dirik Cad. No.46,RandomForest,14,3,4,0.17883091084811198,0.24937422108707719,0.18597301979010844,0.002073776902192446,0.12759823874067422,-0.07599322345709547,0.17739576738156537,0.16737066661637812,0.0018648080080044722,0.17258484723151923,-0.39271321566355444,0.3974285218496058,0.36862560291302415,0.0041226748001358254,0.3042370460160768,ai_outputs\per_location_next_week\models\Kazım_Dirik_Cad._No.46_best_RandomForest.pkl,21
Kemalpaşa Cad. No: 46,GradientBoosting,14,3,4,-0.0010820815722378807,0.6127245722998014,0.5136631706433222,0.005736385635008007,0.587516308697019,-19.065473521558467,0.34542980194247686,0.3367122331820885,0.0037751180870310985,0.32119815494797876,-0.5863555270190273,0.5987978369918113,0.47949743362401875,0.005396525964621517,0.4380551447121519,ai_outputs\per_location_next_week\models\Kemalpaşa_Cad._No__46_best_GradientBoosting.pkl,21
Koşuyolu Cad. Efeler Mah. No:41 Avni Naili Limboz Camii,XGBoost,14,3,4,0.03492891634620732,0.22279191386560548,0.15845379811613367,0.0017561862596696426,0.1068135733909088,-1.0975096053797193,0.05725944560948133,0.04775955353461351,0.0005295662333304723,0.04059760992778649,-2.727018309052478,0.5357781685214266,0.45902239582420634,0.005121777660797761,0.3715490289199508,ai_outputs\per_location_next_week\models\Koşuyolu_Cad._Efeler_Mah._No_41_Avni_Naili_Limboz_Camii_best_XGBoost.pkl,21
M.pasa Cad. İle Hüseyin Ögütcen Kavşağı,RandomForest,14,3,3,0.1475280000378606,0.24384026400904985,0.1736366907079321,0.0019391322202183265,0.08862370974172507,-0.9906943960644954,0.3395967634070968,0.24776911204971933,0.00277832383604614,0.10556721937469149,0.12147855284375186,0.23141495536241544,0.1875778321167445,0.0020875691048597655,0.15794011562401522,ai_outputs\per_location_next_week\models\M.pasa_Cad._İle_Hüseyin_Ögütcen_Kavşağı_best_RandomForest.pkl,20
Mithatpaşa Caddesi No:479,GradientBoosting,15,3,4,-0.00013213086422747544,0.24975589358360434,0.22215381356489844,0.0024796546878270496,0.17278106668767634,-0.11304467251161743,0.10775778869993394,0.10712312433750526,0.00119643349746287,0.10917265448183855,-0.5382201473727064,0.3322048191715456,0.3047190258700567,0.0034129304126469875,0.3039682293006365,ai_outputs\per_location_next_week\models\Mithatpaşa_Caddesi_No_479_best_GradientBoosting.pkl,22
Mrk. Bornova Jandarma Komando Ambarlar Yanı,GradientBoosting,15,3,4,-0.0015501557886650197,0.39769080679290597,0.2802531289239255,0.0031249781158727966,0.2045831051785001,-8.049243691694576,0.7644998730055439,0.7210224938827802,0.00808958301518263,0.5844907466034783,-16.43560652802366,0.8170026048688906,0.7932275311405235,0.008902749164910177,0.7302396367308503,ai_outputs\per_location_next_week\models\Mrk._Bornova_Jandarma_Komando_Ambarlar_Yanı_best_GradientBoosting.pkl,22
R.erkutlu Şehitlik Önü No:290/a Kadifekale,RandomForest,15,3,4,0.2764993166256431,0.1715544152967444,0.13935052177012514,0.0015443714026243673,0.16653837342320799,-1.2303702824624203,0.26761675460160234,0.20166472060073679,0.0022445503220014187,0.1025663248621953,-0.12692033078503906,0.6559242894986586,0.38240679345814144,0.00429328727309482,0.10517834592027953,ai_outputs\per_location_next_week\models\R.erkutlu_Şehitlik_Önü_No_290_a_Kadifekale_best_RandomForest.pkl,22
Sakarya Cad.no:112 Manavkuyu,XGBoost,14,3,4,0.8460921707654572,0.2118546810149295,0.15994210221802824,0.0017884001157467098,0.18754707481866006,-1.1571561751167612,0.3977556208315101,0.3271050018081117,0.0036615890029668406,0.3604344919158109,0.2476741014712761,0.40983826600519263,0.3689061957401307,0.004145723277268703,0.3953865762247375,ai_outputs\per_location_next_week\models\Sakarya_Cad.no_112_Manavkuyu_best_XGBoost.pkl,21
Selimiye Cad. No:30/b Gültepe,Ridge,14,3,4,0.8468391904125296,0.09147716844352027,0.07752939182540176,0.0008586614313899169,0.07381593087642102,-202.73950413442824,0.398961855351517,0.369876373870909,0.004100211491966349,0.2653764385322859,-1.538370691706973,0.5059665230034175,0.40926183207961486,0.004578368944506302,0.3638131030748042,ai_outputs\per_location_next_week\models\Selimiye_Cad._No_30_b_Gültepe_best_Ridge.pkl,21
Türkmenistan Cad. İle 1206 Sok.. Kvs. Evka-1,XGBoost,14,3,4,-4.98132646242766e-11,0.16554410025323651,0.1173891251172025,0.0013010898895901046,0.06615440447950505,-2.3886360408604443,0.0895806765798999,0.07521022118019498,0.000835408128854896,0.08102772811093928,-1.886930543465322,0.127612409715456,0.10316982623946558,0.0011426159983136946,0.1112518037895498,ai_outputs\per_location_next_week\models\Türkmenistan_Cad._İle_1206_Sok.._Kvs._Evka-1_best_XGBoost.pkl,21
Ulu Önder Cad. İle Gökdere Cad.kavşağı,RandomForest,14,3,4,0.19789714136183956,0.19359299090432353,0.15147786794397433,0.001678295008266585,0.10943527842543688,-0.10372735380549614,0.32865781661801396,0.24787600509420807,0.0027610046462577063,0.16322329402258617,-0.5160779584973771,0.18251814247184137,0.1813827696448378,0.0020146972796103568,0.1744398196027177,ai_outputs\per_location_next_week\models\Ulu_Önder_Cad._İle_Gökdere_Cad.kavşağı_best_RandomForest.pkl,21
Yavuz Cad. 241/C Osmangazi,GradientBoosting,14,3,4,-0.0008021529443840159,0.5525195091697711,0.49941561735729223,0.005581226081482031,0.5179834034929769,-0.22548011667298162,0.2717867269747955,0.2675109206209214,0.0029952231777056106,0.24126148136507197,-0.44836620807514227,0.592433026613619,0.48156282450674937,0.005421711040120131,0.5421723136795364,ai_outputs\per_location_next_week\models\Yavuz_Cad._241_C_Osmangazi_best_GradientBoosting.pkl,21
Çanakkale Cad.i̇le 7057 Sok Kavsağıpınarbaşı,GradientBoosting,14,3,4,-0.0009116568315283846,0.610604700624723,0.5257650899466374,0.005871943671750504,0.5476027490323361,-0.009920173063304727,0.34451077291425414,0.3246808429718442,0.0036253964519576136,0.37228694144518215,-0.4647182849598117,0.5921099317832761,0.476858627033625,0.005365013097455382,0.41383384182648086,ai_outputs\per_location_next_week\models\Çanakkale_Cad.i̇le_7057_Sok_Kavsağıpınarbaşı_best_GradientBoosting.pkl,21
İnönü Cad. İle 100 Sok. Kavşağı,RandomForest,14,3,4,0.18382195124170997,0.21645728316371451,0.15636162034785478,0.0017329018640689974,0.09582451958129923,-0.7788377968958653,0.17199357152067402,0.1413790881324625,0.0015721965124719263,0.1256712750525253,-0.4257953699707664,0.6465512875578895,0.43182670078222785,0.004841936665139169,0.15719549682859224,ai_outputs\per_location_next_week\models\İnönü_Cad._İle_100_Sok._Kavşağı_best_RandomForest.pkl,21
İzsu Narlıdere Teknik Amirlik,RandomForest,14,3,4,0.17673411118560245,0.22856205284976494,0.17413047757125252,0.0019434109655632466,0.1091254778682682,-32.67086338514356,0.08194431993424076,0.0793485028873846,0.0008856652826403728,0.08699908694229919,-0.1264729769957631,0.3434485434881828,0.27768065795289587,0.003105734616857289,0.2539169506320249,ai_outputs\per_location_next_week\models\İzsu_Narlıdere_Teknik_Amirlik_best_RandomForest.pkl,21
Şehitler Cad. No:22 H.mustafa Gökdemir Camii Evka-3,GradientBoosting,14,3,4,-0.0012124812259561857,0.6080990473660024,0.5374451428744597,0.006001003082892537,0.539193516150057,-1.8695614751012548,0.3804505009236267,0.30887372480645564,0.0034651137270634617,0.40119108686803884,-0.8057741971117982,0.6196258037862797,0.4900697115058925,0.005515975158555503,0.4045298522392784,ai_outputs\per_location_next_week\models\Şehitler_Cad._No_22_H.mustafa_Gökdemir_Camii_Evka-3_best_GradientBoosting.pkl,21
