Split,Model,Rows,R2,RMSE,MAE,MedAE,MAPE
Train,Ridge,1063,0.429063,0.397168,0.310576,0.254332,0.003469
Validation,Ridge,184,-0.053996,0.548374,0.429269,0.324104,0.004797
Test,Ridge,234,0.428566,0.368758,0.288686,0.235197,0.003212
Train,Random Forest,1063,0.891864,0.172848,0.121751,0.084855,0.001360
Validation,Random Forest,184,0.087387,0.510271,0.405902,0.345243,0.004534
Test,Random Forest,234,0.322361,0.401567,0.326565,0.292070,0.003630
Train,Gradient Boosting,1063,0.818324,0.224042,0.169878,0.131191,0.001897
Validation,Gradient Boosting,184,0.026567,0.527000,0.419952,0.350589,0.004691
Test,Gradient Boosting,234,0.268307,0.417275,0.336179,0.268066,0.003738
Train,XGBoost,1063,0.970796,0.089826,0.063936,0.043826,0.000714
Validation,XGBoost,184,0.097182,0.507525,0.400875,0.340374,0.004477
Test,XGBoost,234,0.314533,0.403879,0.323423,0.264471,0.003596
