Tarih,NoktaId,NoktaAdi,HealthFactor,NextHealthFactor,NextObservationDate,HorizonDays,Model,PredictedNextHealthFactor,Residual
2026-05-20,2.000000,YENİŞEHİR,89.171251,89.416424,2026-06-10,21.000000,Ridge,89.469716,-0.053292
2026-06-10,2.000000,YENİŞEHİR,89.416424,89.532934,2026-06-24,14.000000,Ridge,89.264654,0.268279
2026-06-24,2.000000,YENİŞEHİR,89.532934,89.481268,2026-07-08,14.000000,Ridge,89.683994,-0.202726
2026-07-08,2.000000,YENİŞEHİR,89.481268,89.630209,2026-07-29,21.000000,Ridge,89.660251,-0.030042
2026-05-20,3.000000,KONAK,88.916794,89.344710,2026-06-10,21.000000,Ridge,89.578554,-0.233843
2026-06-10,3.000000,KONAK,89.344710,89.501654,2026-06-24,14.000000,Ridge,89.338954,0.162700
2026-06-24,3.000000,KONAK,89.501654,89.434766,2026-07-08,14.000000,Ridge,89.673030,-0.238264
2026-07-08,3.000000,KONAK,89.434766,89.614325,2026-07-29,21.000000,Ridge,89.592124,0.022201
2026-05-20,4.000000,GÜZELBAHÇE,89.607465,89.803805,2026-06-10,21.000000,Ridge,89.639929,0.163876
2026-06-10,4.000000,GÜZELBAHÇE,89.803805,89.682425,2026-06-24,14.000000,Ridge,89.633376,0.049048
2026-06-24,4.000000,GÜZELBAHÇE,89.682425,89.862392,2026-07-08,14.000000,Ridge,89.817505,0.044887
2026-07-08,4.000000,GÜZELBAHÇE,89.862392,89.786163,2026-07-29,21.000000,Ridge,89.799042,-0.012878
2026-05-20,5.000000,NARLIDERE,89.622811,89.835110,2026-06-10,21.000000,Ridge,89.639981,0.195129
2026-06-10,5.000000,NARLIDERE,89.835110,89.669981,2026-06-24,14.000000,Ridge,89.591192,0.078789
2026-06-24,5.000000,NARLIDERE,89.669981,89.913736,2026-07-08,14.000000,Ridge,89.770228,0.143508
2026-07-08,5.000000,NARLIDERE,89.913736,89.807076,2026-07-29,21.000000,Ridge,89.756290,0.050786
2026-05-20,6.000000,BALÇOVA,89.609173,89.781806,2026-06-10,21.000000,Ridge,89.712746,0.069060
2026-06-10,6.000000,BALÇOVA,89.781806,89.582532,2026-06-24,14.000000,Ridge,89.569115,0.013417
2026-06-24,6.000000,BALÇOVA,89.582532,89.894872,2026-07-08,14.000000,Ridge,89.755557,0.139315
2026-05-20,7.000000,ÜÇKUYULAR,89.609897,89.791530,2026-06-10,21.000000,Ridge,89.707410,0.084120
2026-06-10,7.000000,ÜÇKUYULAR,89.791530,89.610459,2026-06-24,14.000000,Ridge,89.589289,0.021170
2026-06-24,7.000000,ÜÇKUYULAR,89.610459,89.911785,2026-07-08,14.000000,Ridge,89.783335,0.128450
2026-07-08,7.000000,ÜÇKUYULAR,89.911785,89.819160,2026-07-29,21.000000,Ridge,89.768918,0.050242
2026-05-20,8.000000,GÜZELYALI,89.599758,89.779916,2026-06-10,21.000000,Ridge,89.691506,0.088410
2026-06-10,8.000000,GÜZELYALI,89.779916,89.672145,2026-06-24,14.000000,Ridge,89.557380,0.114765
2026-06-24,8.000000,GÜZELYALI,89.672145,89.900279,2026-07-08,14.000000,Ridge,89.857014,0.043266
2026-07-08,8.000000,GÜZELYALI,89.900279,89.800038,2026-07-29,21.000000,Ridge,89.783180,0.016858
2026-05-20,9.000000,HATAY,89.931407,90.501942,2026-06-10,21.000000,Ridge,90.097868,0.404074
2026-06-10,9.000000,HATAY,90.501942,90.032400,2026-06-24,14.000000,Ridge,89.928392,0.104009
2026-06-24,9.000000,HATAY,90.032400,90.219082,2026-07-08,14.000000,Ridge,89.790473,0.428609
2026-05-20,11.000000,YEŞİLYURT,89.931889,90.514492,2026-06-10,21.000000,Ridge,90.060311,0.454181
2026-06-10,11.000000,YEŞİLYURT,90.514492,90.028834,2026-06-24,14.000000,Ridge,89.801565,0.227269
2026-06-24,11.000000,YEŞİLYURT,90.028834,90.207656,2026-07-08,14.000000,Ridge,89.811402,0.396253
2026-05-20,13.000000,KARABAĞLAR,89.926412,90.516418,2026-06-10,21.000000,Ridge,90.154576,0.361842
2026-06-10,13.000000,KARABAĞLAR,90.516418,90.023598,2026-06-24,14.000000,Ridge,89.891856,0.131742
2026-06-24,13.000000,KARABAĞLAR,90.023598,90.204064,2026-07-08,14.000000,Ridge,89.913194,0.290870
2026-05-20,14.000000,ESKİ İZMİR,89.945390,90.506369,2026-06-10,21.000000,Ridge,90.143086,0.363283
2026-06-10,14.000000,ESKİ İZMİR,90.506369,90.025689,2026-06-24,14.000000,Ridge,89.873754,0.151935
2026-06-24,14.000000,ESKİ İZMİR,90.025689,90.222125,2026-07-08,14.000000,Ridge,89.889626,0.332499
2026-07-08,14.000000,ESKİ İZMİR,90.222125,90.196727,2026-07-29,21.000000,Ridge,89.909378,0.287349
2026-05-20,15.000000,GAZİEMİR,89.928478,90.501369,2026-06-10,21.000000,Ridge,90.296821,0.204548
2026-06-10,15.000000,GAZİEMİR,90.501369,90.038934,2026-06-24,14.000000,Ridge,90.038621,0.000314
2026-06-24,15.000000,GAZİEMİR,90.038934,90.241629,2026-07-08,14.000000,Ridge,90.057239,0.184390
2026-07-08,15.000000,GAZİEMİR,90.241629,90.191809,2026-07-29,21.000000,Ridge,90.069518,0.122290
2026-05-20,16.000000,GEDİZ,88.642344,90.442743,2026-06-10,21.000000,Ridge,90.079569,0.363174
2026-06-10,16.000000,GEDİZ,90.442743,90.397690,2026-06-24,14.000000,Ridge,90.053618,0.344072
2026-06-24,16.000000,GEDİZ,90.397690,90.424392,2026-07-08,14.000000,Ridge,90.223493,0.200899
2026-07-08,16.000000,GEDİZ,90.424392,90.298275,2026-07-29,21.000000,Ridge,89.889914,0.408361
2026-05-20,17.000000,ŞİRİNYER,88.722518,90.463307,2026-06-10,21.000000,Ridge,89.987089,0.476218
2026-06-10,17.000000,ŞİRİNYER,90.463307,90.395705,2026-06-24,14.000000,Ridge,89.956123,0.439582
2026-06-24,17.000000,ŞİRİNYER,90.395705,90.448692,2026-07-08,14.000000,Ridge,90.141567,0.307126
2026-07-08,17.000000,ŞİRİNYER,90.448692,90.313001,2026-07-29,21.000000,Ridge,89.822827,0.490174
2026-05-20,18.000000,BUCA,88.740093,90.440112,2026-06-10,21.000000,Ridge,90.037310,0.402802
2026-06-10,18.000000,BUCA,90.440112,90.417150,2026-06-24,14.000000,Ridge,90.011792,0.405358
2026-06-24,18.000000,BUCA,90.417150,90.441345,2026-07-08,14.000000,Ridge,90.163275,0.278070
2026-05-20,19.000000,GÜLÇEŞME,88.669766,90.442406,2026-06-10,21.000000,Ridge,89.907875,0.534531
2026-06-10,19.000000,GÜLÇEŞME,90.442406,90.407802,2026-06-24,14.000000,Ridge,90.110864,0.296938
2026-06-24,19.000000,GÜLÇEŞME,90.407802,90.443230,2026-07-08,14.000000,Ridge,90.043545,0.399685
2026-07-08,19.000000,GÜLÇEŞME,90.443230,90.319854,2026-07-29,21.000000,Ridge,89.676284,0.643570
2026-05-20,20.000000,GÜLTEPE,88.562435,89.468806,2026-06-10,21.000000,Ridge,89.932852,-0.464047
2026-06-10,20.000000,GÜLTEPE,89.468806,89.265996,2026-06-24,14.000000,Ridge,89.720185,-0.454190
2026-06-24,20.000000,GÜLTEPE,89.265996,90.444880,2026-07-08,14.000000,Ridge,89.951033,0.493847
2026-07-08,20.000000,GÜLTEPE,90.444880,90.037716,2026-07-29,21.000000,Ridge,90.156159,-0.118443
2026-05-20,21.000000,ALTINDAĞ,90.143620,90.477106,2026-06-10,21.000000,Ridge,89.919419,0.557687
2026-06-10,21.000000,ALTINDAĞ,90.477106,90.376517,2026-06-24,14.000000,Ridge,89.647781,0.728737
2026-06-24,21.000000,ALTINDAĞ,90.376517,90.053871,2026-07-08,14.000000,Ridge,90.116622,-0.062751
2026-07-08,21.000000,ALTINDAĞ,90.053871,90.286260,2026-07-29,21.000000,Ridge,89.865665,0.420595
2026-05-20,22.000000,ÇAMDİBİ,90.154959,90.478890,2026-06-10,21.000000,Ridge,89.976524,0.502365
2026-06-10,22.000000,ÇAMDİBİ,90.478890,90.290197,2026-06-24,14.000000,Ridge,89.712539,0.577658
2026-06-24,22.000000,ÇAMDİBİ,90.290197,90.025515,2026-07-08,14.000000,Ridge,89.815601,0.209914
2026-07-08,22.000000,ÇAMDİBİ,90.025515,90.114344,2026-07-29,21.000000,Ridge,89.780547,0.333797
2026-05-20,23.000000,IŞIKKENT,90.153745,90.469253,2026-06-10,21.000000,Ridge,90.033311,0.435942
2026-06-10,23.000000,IŞIKKENT,90.469253,90.283286,2026-06-24,14.000000,Ridge,89.724753,0.558534
2026-06-24,23.000000,IŞIKKENT,90.283286,89.984217,2026-07-08,14.000000,Ridge,90.210024,-0.225807
2026-07-08,23.000000,IŞIKKENT,89.984217,90.293613,2026-07-29,21.000000,Ridge,89.923315,0.370298
2026-05-20,24.000000,PINARBAŞI,90.127186,90.418798,2026-06-10,21.000000,Ridge,90.049602,0.369196
2026-06-10,24.000000,PINARBAŞI,90.418798,90.299425,2026-06-24,14.000000,Ridge,89.755846,0.543579
2026-06-24,24.000000,PINARBAŞI,90.299425,90.063102,2026-07-08,14.000000,Ridge,90.196971,-0.133869
2026-05-20,25.000000,EVKA-3,90.141286,90.219872,2026-06-10,21.000000,Ridge,89.832522,0.387350
2026-06-10,25.000000,EVKA-3,90.219872,90.382894,2026-06-24,14.000000,Ridge,89.616964,0.765930
2026-06-24,25.000000,EVKA-3,90.382894,89.940551,2026-07-08,14.000000,Ridge,89.922615,0.017936
2026-07-08,25.000000,EVKA-3,89.940551,90.273312,2026-07-29,21.000000,Ridge,89.743515,0.529797
2026-05-20,26.000000,BORNOVA,90.158683,90.243283,2026-06-10,21.000000,Ridge,90.044644,0.198639
2026-06-10,26.000000,BORNOVA,90.243283,90.406226,2026-06-24,14.000000,Ridge,89.732002,0.674224
2026-06-24,26.000000,BORNOVA,90.406226,90.065401,2026-07-08,14.000000,Ridge,89.991378,0.074022
2026-07-08,26.000000,BORNOVA,90.065401,90.286403,2026-07-29,21.000000,Ridge,89.784125,0.502279
2026-05-20,27.000000,ATATÜRK MAH,90.124933,89.395165,2026-06-10,21.000000,Ridge,90.109118,-0.713953
2026-06-10,27.000000,ATATÜRK MAH,89.395165,89.586334,2026-06-24,14.000000,Ridge,89.102336,0.483998
2026-06-24,27.000000,ATATÜRK MAH,89.586334,90.101601,2026-07-08,14.000000,Ridge,89.325074,0.776528
2026-07-08,27.000000,ATATÜRK MAH,90.101601,89.488579,2026-07-29,21.000000,Ridge,89.514839,-0.026260
2026-05-20,28.000000,OSMANGAZİ,90.154709,89.419043,2026-06-10,21.000000,Ridge,89.925418,-0.506376
2026-06-10,28.000000,OSMANGAZİ,89.419043,89.558425,2026-06-24,14.000000,Ridge,89.106152,0.452273
2026-06-24,28.000000,OSMANGAZİ,89.558425,89.570017,2026-07-08,14.000000,Ridge,89.516630,0.053386
2026-07-08,28.000000,OSMANGAZİ,89.570017,89.499949,2026-07-29,21.000000,Ridge,89.449988,0.049961
2026-05-20,29.000000,ÖZKANLAR,90.149269,89.412169,2026-06-10,21.000000,Ridge,89.981218,-0.569049
2026-06-10,29.000000,ÖZKANLAR,89.412169,89.556976,2026-06-24,14.000000,Ridge,89.130051,0.426925
2026-06-24,29.000000,ÖZKANLAR,89.556976,89.107580,2026-07-08,14.000000,Ridge,89.566550,-0.458970
2026-07-08,29.000000,ÖZKANLAR,89.107580,89.591852,2026-07-29,21.000000,Ridge,89.551400,0.040452
2026-05-20,30.000000,MANAVKUYU,90.149821,89.323244,2026-06-10,21.000000,Ridge,90.204990,-0.881746
2026-06-10,30.000000,MANAVKUYU,89.323244,89.506124,2026-06-24,14.000000,Ridge,89.183461,0.322663
2026-06-24,30.000000,MANAVKUYU,89.506124,88.664931,2026-07-08,14.000000,Ridge,89.412936,-0.748005
2026-07-08,30.000000,MANAVKUYU,88.664931,89.485632,2026-07-29,21.000000,Ridge,89.519292,-0.033660
2026-05-20,32.000000,EGEKENT,88.861258,88.997606,2026-06-10,21.000000,Ridge,89.489892,-0.492286
2026-06-10,32.000000,EGEKENT,88.997606,89.066391,2026-06-24,14.000000,Ridge,89.231261,-0.164870
2026-06-24,32.000000,EGEKENT,89.066391,89.056502,2026-07-08,14.000000,Ridge,89.573917,-0.517415
2026-07-08,32.000000,EGEKENT,89.056502,89.315416,2026-07-29,21.000000,Ridge,89.564184,-0.248767
2026-05-20,33.000000,BALATÇIK,88.842834,89.050214,2026-06-10,21.000000,Ridge,89.445851,-0.395636
2026-06-10,33.000000,BALATÇIK,89.050214,89.057845,2026-06-24,14.000000,Ridge,89.219508,-0.161663
2026-06-24,33.000000,BALATÇIK,89.057845,89.114467,2026-07-08,14.000000,Ridge,89.528350,-0.413882
2026-07-08,33.000000,BALATÇIK,89.114467,89.297267,2026-07-29,21.000000,Ridge,89.528401,-0.231133
2026-05-20,34.000000,ÇİĞLİ,88.864846,89.424137,2026-06-10,21.000000,Ridge,89.497033,-0.072896
2026-06-10,34.000000,ÇİĞLİ,89.424137,89.540205,2026-06-24,14.000000,Ridge,89.230689,0.309517
2026-06-24,34.000000,ÇİĞLİ,89.540205,89.009229,2026-07-08,14.000000,Ridge,89.475445,-0.466216
2026-07-08,34.000000,ÇİĞLİ,89.009229,89.493153,2026-07-29,21.000000,Ridge,89.410116,0.083038
2026-05-20,35.000000,BOSTANLI,89.302504,89.293782,2026-06-10,21.000000,Ridge,89.220055,0.073727
2026-06-10,35.000000,BOSTANLI,89.293782,89.524071,2026-06-24,14.000000,Ridge,89.454824,0.069247
2026-06-24,35.000000,BOSTANLI,89.524071,89.502685,2026-07-08,14.000000,Ridge,89.566251,-0.063566
2026-07-08,35.000000,BOSTANLI,89.502685,89.510151,2026-07-29,21.000000,Ridge,89.542323,-0.032172
2026-05-20,36.000000,ŞEMİKLER,89.309022,89.499476,2026-06-10,21.000000,Ridge,89.461313,0.038163
2026-06-10,36.000000,ŞEMİKLER,89.499476,89.648444,2026-06-24,14.000000,Ridge,89.251549,0.396895
2026-06-24,36.000000,ŞEMİKLER,89.648444,89.456349,2026-07-08,14.000000,Ridge,89.384556,0.071792
2026-05-20,37.000000,KARŞIYAKA,89.273294,89.505199,2026-06-10,21.000000,Ridge,89.499095,0.006104
2026-06-10,37.000000,KARŞIYAKA,89.505199,89.457424,2026-06-24,14.000000,Ridge,89.333929,0.123495
2026-06-24,37.000000,KARŞIYAKA,89.457424,89.465697,2026-07-08,14.000000,Ridge,89.413825,0.051871
2026-05-20,38.000000,EVKA-2,89.293664,89.496360,2026-06-10,21.000000,Ridge,89.396029,0.100331
2026-06-10,38.000000,EVKA-2,89.496360,89.561680,2026-06-24,14.000000,Ridge,89.216912,0.344768
2026-06-24,38.000000,EVKA-2,89.561680,89.491606,2026-07-08,14.000000,Ridge,89.361721,0.129885
2026-07-08,38.000000,EVKA-2,89.491606,89.468740,2026-07-29,21.000000,Ridge,89.393621,0.075119
2026-05-20,39.000000,ÖRNEKKÖY,89.332656,89.454102,2026-06-10,21.000000,Ridge,89.431353,0.022749
2026-06-10,39.000000,ÖRNEKKÖY,89.454102,89.628032,2026-06-24,14.000000,Ridge,89.111932,0.516100
2026-06-24,39.000000,ÖRNEKKÖY,89.628032,89.494766,2026-07-08,14.000000,Ridge,89.526169,-0.031403
2026-07-08,39.000000,ÖRNEKKÖY,89.494766,89.454838,2026-07-29,21.000000,Ridge,89.456571,-0.001733
2026-05-20,40.000000,GÜMÜŞPALA,89.307299,89.464148,2026-06-10,21.000000,Ridge,89.529656,-0.065508
2026-06-10,40.000000,GÜMÜŞPALA,89.464148,89.415235,2026-06-24,14.000000,Ridge,89.241443,0.173792
2026-06-24,40.000000,GÜMÜŞPALA,89.415235,89.483664,2026-07-08,14.000000,Ridge,89.414476,0.069188
2026-07-08,40.000000,GÜMÜŞPALA,89.483664,89.218378,2026-07-29,21.000000,Ridge,89.448518,-0.230140
2026-06-04,41.000000,DOĞANÇAY,89.058864,89.362006,2026-06-17,13.000000,Ridge,89.195006,0.167000
2026-06-17,41.000000,DOĞANÇAY,89.362006,89.415040,2026-07-01,14.000000,Ridge,89.507181,-0.092140
2026-07-01,41.000000,DOĞANÇAY,89.415040,89.329287,2026-07-22,21.000000,Ridge,89.590968,-0.261681
2026-06-04,42.000000,YAMANLAR,89.075125,89.363758,2026-06-17,13.000000,Ridge,89.373017,-0.009259
2026-06-17,42.000000,YAMANLAR,89.363758,89.386642,2026-07-01,14.000000,Ridge,89.648528,-0.261887
2026-07-01,42.000000,YAMANLAR,89.386642,89.437806,2026-07-22,21.000000,Ridge,89.594090,-0.156284
2026-06-04,43.000000,POSTACI MAH,89.073014,89.377027,2026-06-17,13.000000,Ridge,89.378672,-0.001645
2026-06-17,43.000000,POSTACI MAH,89.377027,89.181770,2026-07-01,14.000000,Ridge,89.630421,-0.448651
2026-07-01,43.000000,POSTACI MAH,89.181770,89.324150,2026-07-22,21.000000,Ridge,89.595084,-0.270934
2026-06-04,44.000000,YAMAÇ MAH,89.086614,89.518952,2026-06-17,13.000000,Ridge,89.323923,0.195028
2026-06-17,44.000000,YAMAÇ MAH,89.518952,89.393585,2026-07-01,14.000000,Ridge,89.575071,-0.181485
2026-07-01,44.000000,YAMAÇ MAH,89.393585,89.438888,2026-07-22,21.000000,Ridge,89.505780,-0.066892
2026-06-04,45.000000,CUMHURİYET MAH,89.082872,89.351989,2026-06-17,13.000000,Ridge,89.320850,0.031140
2026-06-17,45.000000,CUMHURİYET MAH,89.351989,89.397496,2026-07-01,14.000000,Ridge,89.568057,-0.170560
2026-06-04,46.000000,GÜZELTEPE,89.064494,89.360344,2026-06-17,13.000000,Ridge,89.237570,0.122775
2026-06-17,46.000000,GÜZELTEPE,89.360344,89.407684,2026-07-01,14.000000,Ridge,89.600248,-0.192564
2026-07-01,46.000000,GÜZELTEPE,89.407684,89.194344,2026-07-22,21.000000,Ridge,89.555154,-0.360810
2026-06-04,47.000000,EVKA-5,88.902479,88.990538,2026-06-17,13.000000,Ridge,89.238741,-0.248203
2026-06-17,47.000000,EVKA-5,88.990538,89.111454,2026-07-01,14.000000,Ridge,89.639585,-0.528132
2026-07-01,47.000000,EVKA-5,89.111454,89.201736,2026-07-22,21.000000,Ridge,89.567623,-0.365887
2026-06-04,48.000000,EGEKENT-2,89.082733,88.964341,2026-06-17,13.000000,Ridge,89.205612,-0.241271
2026-06-17,48.000000,EGEKENT-2,88.964341,89.141099,2026-07-01,14.000000,Ridge,89.449699,-0.308600
2026-07-01,48.000000,EGEKENT-2,89.141099,89.213357,2026-07-22,21.000000,Ridge,89.362709,-0.149352
2026-06-04,49.000000,ALAYBEY,89.054520,89.359409,2026-06-17,13.000000,Ridge,89.440492,-0.081083
2026-06-17,49.000000,ALAYBEY,89.359409,89.375398,2026-07-01,14.000000,Ridge,89.681403,-0.306004
2026-06-04,50.000000,CENGİZHAN,89.039203,89.409519,2026-06-17,13.000000,Ridge,89.421404,-0.011885
2026-06-17,50.000000,CENGİZHAN,89.409519,89.391891,2026-07-01,14.000000,Ridge,89.643753,-0.251862
2026-06-04,51.000000,ÇAY MAH,89.072115,89.260812,2026-06-17,13.000000,Ridge,89.421827,-0.161016
2026-06-17,51.000000,ÇAY MAH,89.260812,89.376194,2026-07-01,14.000000,Ridge,89.584016,-0.207822
2026-07-01,51.000000,ÇAY MAH,89.376194,89.322847,2026-07-22,21.000000,Ridge,89.722227,-0.399380
2026-06-04,52.000000,İZYUVA,90.442600,90.429173,2026-06-17,13.000000,Ridge,89.783576,0.645596
2026-06-17,52.000000,İZYUVA,90.429173,90.025752,2026-07-01,14.000000,Ridge,89.925777,0.099974
2026-07-01,52.000000,İZYUVA,90.025752,90.298684,2026-07-22,21.000000,Ridge,89.579170,0.719515
2026-06-04,53.000000,NALDÖKEN,90.440480,90.328245,2026-06-17,13.000000,Ridge,89.885215,0.443030
2026-06-17,53.000000,NALDÖKEN,90.328245,90.021296,2026-07-01,14.000000,Ridge,89.953777,0.067520
2026-06-04,54.000000,YEŞİLÇAM,90.271522,90.434984,2026-06-17,13.000000,Ridge,89.924927,0.510057
2026-06-17,54.000000,YEŞİLÇAM,90.434984,90.319239,2026-07-01,14.000000,Ridge,90.082689,0.236550
2026-07-01,54.000000,YEŞİLÇAM,90.319239,90.323842,2026-07-22,21.000000,Ridge,90.105384,0.218457
2026-06-04,55.000000,MEVLANA,90.447434,90.436916,2026-06-17,13.000000,Ridge,89.936921,0.499995
2026-06-17,55.000000,MEVLANA,90.436916,90.022892,2026-07-01,14.000000,Ridge,89.900042,0.122850
2026-07-01,55.000000,MEVLANA,90.022892,90.203919,2026-07-22,21.000000,Ridge,89.515601,0.688318
2026-06-04,56.000000,YEŞİLOVA,90.438316,90.440337,2026-06-17,13.000000,Ridge,89.992641,0.447696
2026-06-17,56.000000,YEŞİLOVA,90.440337,90.059599,2026-07-01,14.000000,Ridge,89.935081,0.124517
2026-06-04,57.000000,MERSİNLİ,90.440376,90.433964,2026-06-17,13.000000,Ridge,89.978707,0.455257
2026-06-17,57.000000,MERSİNLİ,90.433964,90.047468,2026-07-01,14.000000,Ridge,89.933646,0.113822
2026-07-01,57.000000,MERSİNLİ,90.047468,89.328785,2026-07-22,21.000000,Ridge,89.593333,-0.264548
2026-06-04,59.000000,ÇANKAYA,89.245281,88.832177,2026-06-17,13.000000,Ridge,89.462199,-0.630023
2026-06-17,59.000000,ÇANKAYA,88.832177,89.561406,2026-07-01,14.000000,Ridge,89.848483,-0.287077
2026-07-01,59.000000,ÇANKAYA,89.561406,89.354005,2026-07-22,21.000000,Ridge,89.832650,-0.478645
2026-06-04,60.000000,TOROS,89.344212,89.193993,2026-06-17,13.000000,Ridge,89.608057,-0.414064
2026-06-17,60.000000,TOROS,89.193993,88.824011,2026-07-01,14.000000,Ridge,89.809615,-0.985604
2026-07-01,60.000000,TOROS,88.824011,89.081441,2026-07-22,21.000000,Ridge,89.875483,-0.794041
2026-06-04,61.000000,LEVENT,89.360412,89.312980,2026-06-17,13.000000,Ridge,89.586096,-0.273115
2026-06-17,61.000000,LEVENT,89.312980,88.669362,2026-07-01,14.000000,Ridge,89.784090,-1.114728
2026-06-04,62.000000,UFUK MAH,89.281626,89.125498,2026-06-17,13.000000,Ridge,89.622324,-0.496825
2026-06-17,62.000000,UFUK MAH,89.125498,88.731345,2026-07-01,14.000000,Ridge,89.815276,-1.083931
2026-07-01,62.000000,UFUK MAH,88.731345,89.115137,2026-07-22,21.000000,Ridge,89.879238,-0.764101
2026-06-04,63.000000,EVKA-1,89.378074,90.477154,2026-06-17,13.000000,Ridge,89.688897,0.788257
2026-06-17,63.000000,EVKA-1,90.477154,90.343535,2026-07-01,14.000000,Ridge,90.129396,0.214139
2026-06-04,64.000000,ADATEPE,89.437635,90.484387,2026-06-17,13.000000,Ridge,89.708408,0.775978
2026-06-17,64.000000,ADATEPE,90.484387,90.369527,2026-07-01,14.000000,Ridge,90.129693,0.239834
2026-06-04,65.000000,KURUÇEŞME,89.436478,90.501164,2026-06-17,13.000000,Ridge,89.719027,0.782137
2026-06-17,65.000000,KURUÇEŞME,90.501164,90.390285,2026-07-01,14.000000,Ridge,90.117364,0.272920
2026-06-04,66.000000,KOZAĞAÇ,89.465241,90.478168,2026-06-17,13.000000,Ridge,89.735917,0.742251
2026-06-17,66.000000,KOZAĞAÇ,90.478168,90.455477,2026-07-01,14.000000,Ridge,90.189659,0.265817
2026-06-04,67.000000,ÇAMLIKULE,89.407644,90.482684,2026-06-17,13.000000,Ridge,89.756825,0.725859
2026-06-17,67.000000,ÇAMLIKULE,90.482684,90.352991,2026-07-01,14.000000,Ridge,90.184246,0.168745
2026-07-01,67.000000,ÇAMLIKULE,90.352991,90.588871,2026-07-22,21.000000,Ridge,90.185578,0.403292
2026-06-04,68.000000,AKINCILAR,90.285488,90.492200,2026-06-17,13.000000,Ridge,89.991768,0.500431
2026-06-17,68.000000,AKINCILAR,90.492200,90.358418,2026-07-01,14.000000,Ridge,90.117280,0.241138
2026-06-04,69.000000,UĞUR MUMCU MAH,90.067977,90.184638,2026-06-17,13.000000,Ridge,90.048559,0.136079
2026-06-17,69.000000,UĞUR MUMCU MAH,90.184638,90.018328,2026-07-01,14.000000,Ridge,90.009826,0.008502
2026-06-04,70.000000,ÇAMLIK MAH,90.396654,90.191624,2026-06-17,13.000000,Ridge,90.068419,0.123205
2026-06-17,70.000000,ÇAMLIK MAH,90.191624,90.159806,2026-07-01,14.000000,Ridge,89.964505,0.195301
2026-07-01,70.000000,ÇAMLIK MAH,90.159806,90.609129,2026-07-22,21.000000,Ridge,89.967585,0.641543
2026-06-04,71.000000,AKTEPE,90.400606,90.181423,2026-06-17,13.000000,Ridge,90.116543,0.064880
2026-06-17,71.000000,AKTEPE,90.181423,90.161013,2026-07-01,14.000000,Ridge,90.011356,0.149657
2026-06-04,72.000000,9 EYLÜL MAH,90.399705,90.198095,2026-06-17,13.000000,Ridge,90.173899,0.024196
2026-06-17,72.000000,9 EYLÜL MAH,90.198095,90.059552,2026-07-01,14.000000,Ridge,90.064228,-0.004676
2026-07-01,72.000000,9 EYLÜL MAH,90.059552,90.249856,2026-07-22,21.000000,Ridge,90.088872,0.160984
2026-06-04,73.000000,BEYAZEVLER,90.405535,90.195374,2026-06-17,13.000000,Ridge,90.149005,0.046369
2026-06-17,73.000000,BEYAZEVLER,90.195374,90.147701,2026-07-01,14.000000,Ridge,89.951739,0.195962
2026-07-01,73.000000,BEYAZEVLER,90.147701,90.247107,2026-07-22,21.000000,Ridge,90.038222,0.208886
2026-06-04,74.000000,UZUNDERE,90.305774,90.175820,2026-06-17,13.000000,Ridge,90.186756,-0.010937
2026-06-17,74.000000,UZUNDERE,90.175820,90.372471,2026-07-01,14.000000,Ridge,90.032986,0.339485
2026-06-04,75.000000,CENNETÇEŞME,90.310137,90.184487,2026-06-17,13.000000,Ridge,90.174386,0.010101
2026-06-17,75.000000,CENNETÇEŞME,90.184487,90.410725,2026-07-01,14.000000,Ridge,89.996244,0.414481
2026-07-01,75.000000,CENNETÇEŞME,90.410725,90.250829,2026-07-22,21.000000,Ridge,90.122744,0.128085
2026-06-04,76.000000,GÜZELBAHÇE,89.637776,89.749034,2026-06-17,13.000000,Ridge,89.539319,0.209714
2026-06-17,76.000000,GÜZELBAHÇE,89.749034,89.611917,2026-07-01,14.000000,Ridge,89.651988,-0.040070
2026-06-04,78.000000,İNCİRALTI,89.657211,89.744064,2026-06-17,13.000000,Ridge,89.548211,0.195852
2026-06-17,78.000000,İNCİRALTI,89.744064,89.718473,2026-07-01,14.000000,Ridge,89.677376,0.041097
2026-07-01,78.000000,İNCİRALTI,89.718473,89.776903,2026-07-22,21.000000,Ridge,89.718296,0.058607
2026-06-04,79.000000,ESENDERE,90.297540,90.175510,2026-06-17,13.000000,Ridge,89.952456,0.223054
2026-06-17,79.000000,ESENDERE,90.175510,90.386467,2026-07-01,14.000000,Ridge,89.829673,0.556795
2026-06-04,80.000000,KADİFEKALE,89.925420,90.316613,2026-06-17,13.000000,Ridge,89.904115,0.412498
2026-06-17,80.000000,KADİFEKALE,90.316613,90.451346,2026-07-01,14.000000,Ridge,90.017318,0.434028
2026-07-01,80.000000,KADİFEKALE,90.451346,90.627083,2026-07-22,21.000000,Ridge,90.117514,0.509569
2026-05-20,2.000000,YENİŞEHİR,89.171251,89.416424,2026-06-10,21.000000,Random Forest,89.529694,-0.113270
2026-06-10,2.000000,YENİŞEHİR,89.416424,89.532934,2026-06-24,14.000000,Random Forest,89.382600,0.150333
2026-06-24,2.000000,YENİŞEHİR,89.532934,89.481268,2026-07-08,14.000000,Random Forest,89.446755,0.034513
2026-07-08,2.000000,YENİŞEHİR,89.481268,89.630209,2026-07-29,21.000000,Random Forest,89.504235,0.125975
2026-05-20,3.000000,KONAK,88.916794,89.344710,2026-06-10,21.000000,Random Forest,89.645379,-0.300669
2026-06-10,3.000000,KONAK,89.344710,89.501654,2026-06-24,14.000000,Random Forest,89.353867,0.147787
2026-06-24,3.000000,KONAK,89.501654,89.434766,2026-07-08,14.000000,Random Forest,89.476373,-0.041607
2026-07-08,3.000000,KONAK,89.434766,89.614325,2026-07-29,21.000000,Random Forest,89.488096,0.126229
2026-05-20,4.000000,GÜZELBAHÇE,89.607465,89.803805,2026-06-10,21.000000,Random Forest,89.631387,0.172418
2026-06-10,4.000000,GÜZELBAHÇE,89.803805,89.682425,2026-06-24,14.000000,Random Forest,89.606295,0.076129
2026-06-24,4.000000,GÜZELBAHÇE,89.682425,89.862392,2026-07-08,14.000000,Random Forest,89.643663,0.218729
2026-07-08,4.000000,GÜZELBAHÇE,89.862392,89.786163,2026-07-29,21.000000,Random Forest,89.693576,0.092587
2026-05-20,5.000000,NARLIDERE,89.622811,89.835110,2026-06-10,21.000000,Random Forest,89.680446,0.154664
2026-06-10,5.000000,NARLIDERE,89.835110,89.669981,2026-06-24,14.000000,Random Forest,89.594808,0.075173
2026-06-24,5.000000,NARLIDERE,89.669981,89.913736,2026-07-08,14.000000,Random Forest,89.636209,0.277528
2026-07-08,5.000000,NARLIDERE,89.913736,89.807076,2026-07-29,21.000000,Random Forest,89.671574,0.135502
2026-05-20,6.000000,BALÇOVA,89.609173,89.781806,2026-06-10,21.000000,Random Forest,89.649809,0.131997
2026-06-10,6.000000,BALÇOVA,89.781806,89.582532,2026-06-24,14.000000,Random Forest,89.611056,-0.028524
2026-06-24,6.000000,BALÇOVA,89.582532,89.894872,2026-07-08,14.000000,Random Forest,89.674907,0.219965
2026-05-20,7.000000,ÜÇKUYULAR,89.609897,89.791530,2026-06-10,21.000000,Random Forest,89.629533,0.161997
2026-06-10,7.000000,ÜÇKUYULAR,89.791530,89.610459,2026-06-24,14.000000,Random Forest,89.618168,-0.007709
2026-06-24,7.000000,ÜÇKUYULAR,89.610459,89.911785,2026-07-08,14.000000,Random Forest,89.680728,0.231057
2026-07-08,7.000000,ÜÇKUYULAR,89.911785,89.819160,2026-07-29,21.000000,Random Forest,89.689867,0.129293
2026-05-20,8.000000,GÜZELYALI,89.599758,89.779916,2026-06-10,21.000000,Random Forest,89.714362,0.065554
2026-06-10,8.000000,GÜZELYALI,89.779916,89.672145,2026-06-24,14.000000,Random Forest,89.637101,0.035044
2026-06-24,8.000000,GÜZELYALI,89.672145,89.900279,2026-07-08,14.000000,Random Forest,89.704729,0.195551
2026-07-08,8.000000,GÜZELYALI,89.900279,89.800038,2026-07-29,21.000000,Random Forest,89.737165,0.062873
2026-05-20,9.000000,HATAY,89.931407,90.501942,2026-06-10,21.000000,Random Forest,89.965337,0.536605
2026-06-10,9.000000,HATAY,90.501942,90.032400,2026-06-24,14.000000,Random Forest,89.996374,0.036026
2026-06-24,9.000000,HATAY,90.032400,90.219082,2026-07-08,14.000000,Random Forest,89.938748,0.280334
2026-05-20,11.000000,YEŞİLYURT,89.931889,90.514492,2026-06-10,21.000000,Random Forest,90.076604,0.437888
2026-06-10,11.000000,YEŞİLYURT,90.514492,90.028834,2026-06-24,14.000000,Random Forest,89.989157,0.039677
2026-06-24,11.000000,YEŞİLYURT,90.028834,90.207656,2026-07-08,14.000000,Random Forest,89.902554,0.305102
2026-05-20,13.000000,KARABAĞLAR,89.926412,90.516418,2026-06-10,21.000000,Random Forest,90.123637,0.392780
2026-06-10,13.000000,KARABAĞLAR,90.516418,90.023598,2026-06-24,14.000000,Random Forest,90.025118,-0.001521
2026-06-24,13.000000,KARABAĞLAR,90.023598,90.204064,2026-07-08,14.000000,Random Forest,89.952416,0.251648
2026-05-20,14.000000,ESKİ İZMİR,89.945390,90.506369,2026-06-10,21.000000,Random Forest,90.119354,0.387015
2026-06-10,14.000000,ESKİ İZMİR,90.506369,90.025689,2026-06-24,14.000000,Random Forest,90.034647,-0.008958
2026-06-24,14.000000,ESKİ İZMİR,90.025689,90.222125,2026-07-08,14.000000,Random Forest,89.953781,0.268344
2026-07-08,14.000000,ESKİ İZMİR,90.222125,90.196727,2026-07-29,21.000000,Random Forest,89.873305,0.323423
2026-05-20,15.000000,GAZİEMİR,89.928478,90.501369,2026-06-10,21.000000,Random Forest,90.131267,0.370103
2026-06-10,15.000000,GAZİEMİR,90.501369,90.038934,2026-06-24,14.000000,Random Forest,90.015998,0.022937
2026-06-24,15.000000,GAZİEMİR,90.038934,90.241629,2026-07-08,14.000000,Random Forest,89.970535,0.271094
2026-07-08,15.000000,GAZİEMİR,90.241629,90.191809,2026-07-29,21.000000,Random Forest,89.855892,0.335916
2026-05-20,16.000000,GEDİZ,88.642344,90.442743,2026-06-10,21.000000,Random Forest,89.836988,0.605755
2026-06-10,16.000000,GEDİZ,90.442743,90.397690,2026-06-24,14.000000,Random Forest,89.863844,0.533846
2026-06-24,16.000000,GEDİZ,90.397690,90.424392,2026-07-08,14.000000,Random Forest,89.951636,0.472756
2026-07-08,16.000000,GEDİZ,90.424392,90.298275,2026-07-29,21.000000,Random Forest,89.849136,0.449139
2026-05-20,17.000000,ŞİRİNYER,88.722518,90.463307,2026-06-10,21.000000,Random Forest,89.860040,0.603267
2026-06-10,17.000000,ŞİRİNYER,90.463307,90.395705,2026-06-24,14.000000,Random Forest,89.913368,0.482337
2026-06-24,17.000000,ŞİRİNYER,90.395705,90.448692,2026-07-08,14.000000,Random Forest,89.971392,0.477301
2026-07-08,17.000000,ŞİRİNYER,90.448692,90.313001,2026-07-29,21.000000,Random Forest,89.861676,0.451325
2026-05-20,18.000000,BUCA,88.740093,90.440112,2026-06-10,21.000000,Random Forest,89.850704,0.589408
2026-06-10,18.000000,BUCA,90.440112,90.417150,2026-06-24,14.000000,Random Forest,89.933102,0.484047
2026-06-24,18.000000,BUCA,90.417150,90.441345,2026-07-08,14.000000,Random Forest,89.960533,0.480812
2026-05-20,19.000000,GÜLÇEŞME,88.669766,90.442406,2026-06-10,21.000000,Random Forest,89.726024,0.716383
2026-06-10,19.000000,GÜLÇEŞME,90.442406,90.407802,2026-06-24,14.000000,Random Forest,89.977866,0.429936
2026-06-24,19.000000,GÜLÇEŞME,90.407802,90.443230,2026-07-08,14.000000,Random Forest,90.031382,0.411849
2026-07-08,19.000000,GÜLÇEŞME,90.443230,90.319854,2026-07-29,21.000000,Random Forest,89.846718,0.473136
2026-05-20,20.000000,GÜLTEPE,88.562435,89.468806,2026-06-10,21.000000,Random Forest,89.597564,-0.128758
2026-06-10,20.000000,GÜLTEPE,89.468806,89.265996,2026-06-24,14.000000,Random Forest,89.487885,-0.221889
2026-06-24,20.000000,GÜLTEPE,89.265996,90.444880,2026-07-08,14.000000,Random Forest,89.503975,0.940905
2026-07-08,20.000000,GÜLTEPE,90.444880,90.037716,2026-07-29,21.000000,Random Forest,89.896078,0.141637
2026-05-20,21.000000,ALTINDAĞ,90.143620,90.477106,2026-06-10,21.000000,Random Forest,89.658897,0.818210
2026-06-10,21.000000,ALTINDAĞ,90.477106,90.376517,2026-06-24,14.000000,Random Forest,89.654405,0.722112
2026-06-24,21.000000,ALTINDAĞ,90.376517,90.053871,2026-07-08,14.000000,Random Forest,89.752319,0.301553
2026-07-08,21.000000,ALTINDAĞ,90.053871,90.286260,2026-07-29,21.000000,Random Forest,89.604503,0.681758
2026-05-20,22.000000,ÇAMDİBİ,90.154959,90.478890,2026-06-10,21.000000,Random Forest,89.862525,0.616364
2026-06-10,22.000000,ÇAMDİBİ,90.478890,90.290197,2026-06-24,14.000000,Random Forest,89.633266,0.656930
2026-06-24,22.000000,ÇAMDİBİ,90.290197,90.025515,2026-07-08,14.000000,Random Forest,89.692029,0.333486
2026-07-08,22.000000,ÇAMDİBİ,90.025515,90.114344,2026-07-29,21.000000,Random Forest,89.570446,0.543898
2026-05-20,23.000000,IŞIKKENT,90.153745,90.469253,2026-06-10,21.000000,Random Forest,89.723342,0.745911
2026-06-10,23.000000,IŞIKKENT,90.469253,90.283286,2026-06-24,14.000000,Random Forest,89.707371,0.575915
2026-06-24,23.000000,IŞIKKENT,90.283286,89.984217,2026-07-08,14.000000,Random Forest,89.794481,0.189736
2026-07-08,23.000000,IŞIKKENT,89.984217,90.293613,2026-07-29,21.000000,Random Forest,89.592376,0.701236
2026-05-20,24.000000,PINARBAŞI,90.127186,90.418798,2026-06-10,21.000000,Random Forest,89.673659,0.745139
2026-06-10,24.000000,PINARBAŞI,90.418798,90.299425,2026-06-24,14.000000,Random Forest,89.706962,0.592462
2026-06-24,24.000000,PINARBAŞI,90.299425,90.063102,2026-07-08,14.000000,Random Forest,89.788290,0.274811
2026-05-20,25.000000,EVKA-3,90.141286,90.219872,2026-06-10,21.000000,Random Forest,89.666198,0.553674
2026-06-10,25.000000,EVKA-3,90.219872,90.382894,2026-06-24,14.000000,Random Forest,89.685848,0.697046
2026-06-24,25.000000,EVKA-3,90.382894,89.940551,2026-07-08,14.000000,Random Forest,89.786743,0.153808
2026-07-08,25.000000,EVKA-3,89.940551,90.273312,2026-07-29,21.000000,Random Forest,89.557998,0.715313
2026-05-20,26.000000,BORNOVA,90.158683,90.243283,2026-06-10,21.000000,Random Forest,89.615895,0.627389
2026-06-10,26.000000,BORNOVA,90.243283,90.406226,2026-06-24,14.000000,Random Forest,89.655162,0.751064
2026-06-24,26.000000,BORNOVA,90.406226,90.065401,2026-07-08,14.000000,Random Forest,89.775345,0.290056
2026-07-08,26.000000,BORNOVA,90.065401,90.286403,2026-07-29,21.000000,Random Forest,89.657055,0.629348
2026-05-20,27.000000,ATATÜRK MAH,90.124933,89.395165,2026-06-10,21.000000,Random Forest,89.904391,-0.509226
2026-06-10,27.000000,ATATÜRK MAH,89.395165,89.586334,2026-06-24,14.000000,Random Forest,89.266548,0.319785
2026-06-24,27.000000,ATATÜRK MAH,89.586334,90.101601,2026-07-08,14.000000,Random Forest,89.203776,0.897825
2026-07-08,27.000000,ATATÜRK MAH,90.101601,89.488579,2026-07-29,21.000000,Random Forest,89.467517,0.021061
2026-05-20,28.000000,OSMANGAZİ,90.154709,89.419043,2026-06-10,21.000000,Random Forest,89.651214,-0.232172
2026-06-10,28.000000,OSMANGAZİ,89.419043,89.558425,2026-06-24,14.000000,Random Forest,89.186840,0.371585
2026-06-24,28.000000,OSMANGAZİ,89.558425,89.570017,2026-07-08,14.000000,Random Forest,89.213841,0.356176
2026-07-08,28.000000,OSMANGAZİ,89.570017,89.499949,2026-07-29,21.000000,Random Forest,89.142970,0.356979
2026-05-20,29.000000,ÖZKANLAR,90.149269,89.412169,2026-06-10,21.000000,Random Forest,89.651597,-0.239427
2026-06-10,29.000000,ÖZKANLAR,89.412169,89.556976,2026-06-24,14.000000,Random Forest,89.195675,0.361300
2026-06-24,29.000000,ÖZKANLAR,89.556976,89.107580,2026-07-08,14.000000,Random Forest,89.225506,-0.117927
2026-07-08,29.000000,ÖZKANLAR,89.107580,89.591852,2026-07-29,21.000000,Random Forest,89.247733,0.344119
2026-05-20,30.000000,MANAVKUYU,90.149821,89.323244,2026-06-10,21.000000,Random Forest,89.945029,-0.621784
2026-06-10,30.000000,MANAVKUYU,89.323244,89.506124,2026-06-24,14.000000,Random Forest,89.314523,0.191601
2026-06-24,30.000000,MANAVKUYU,89.506124,88.664931,2026-07-08,14.000000,Random Forest,89.218053,-0.553122
2026-07-08,30.000000,MANAVKUYU,88.664931,89.485632,2026-07-29,21.000000,Random Forest,89.191548,0.294084
2026-05-20,32.000000,EGEKENT,88.861258,88.997606,2026-06-10,21.000000,Random Forest,89.472011,-0.474405
2026-06-10,32.000000,EGEKENT,88.997606,89.066391,2026-06-24,14.000000,Random Forest,89.412479,-0.346088
2026-06-24,32.000000,EGEKENT,89.066391,89.056502,2026-07-08,14.000000,Random Forest,89.567946,-0.511444
2026-07-08,32.000000,EGEKENT,89.056502,89.315416,2026-07-29,21.000000,Random Forest,89.462631,-0.147214
2026-05-20,33.000000,BALATÇIK,88.842834,89.050214,2026-06-10,21.000000,Random Forest,89.477661,-0.427447
2026-06-10,33.000000,BALATÇIK,89.050214,89.057845,2026-06-24,14.000000,Random Forest,89.439346,-0.381501
2026-06-24,33.000000,BALATÇIK,89.057845,89.114467,2026-07-08,14.000000,Random Forest,89.464974,-0.350507
2026-07-08,33.000000,BALATÇIK,89.114467,89.297267,2026-07-29,21.000000,Random Forest,89.445782,-0.148514
2026-05-20,34.000000,ÇİĞLİ,88.864846,89.424137,2026-06-10,21.000000,Random Forest,89.472478,-0.048341
2026-06-10,34.000000,ÇİĞLİ,89.424137,89.540205,2026-06-24,14.000000,Random Forest,89.431665,0.108541
2026-06-24,34.000000,ÇİĞLİ,89.540205,89.009229,2026-07-08,14.000000,Random Forest,89.293615,-0.284386
2026-07-08,34.000000,ÇİĞLİ,89.009229,89.493153,2026-07-29,21.000000,Random Forest,89.266057,0.227096
2026-05-20,35.000000,BOSTANLI,89.302504,89.293782,2026-06-10,21.000000,Random Forest,89.299614,-0.005832
2026-06-10,35.000000,BOSTANLI,89.293782,89.524071,2026-06-24,14.000000,Random Forest,89.368370,0.155700
2026-06-24,35.000000,BOSTANLI,89.524071,89.502685,2026-07-08,14.000000,Random Forest,89.406276,0.096409
2026-07-08,35.000000,BOSTANLI,89.502685,89.510151,2026-07-29,21.000000,Random Forest,89.266066,0.244085
2026-05-20,36.000000,ŞEMİKLER,89.309022,89.499476,2026-06-10,21.000000,Random Forest,89.546528,-0.047053
2026-06-10,36.000000,ŞEMİKLER,89.499476,89.648444,2026-06-24,14.000000,Random Forest,89.082779,0.565665
2026-06-24,36.000000,ŞEMİKLER,89.648444,89.456349,2026-07-08,14.000000,Random Forest,89.258885,0.197464
2026-05-20,37.000000,KARŞIYAKA,89.273294,89.505199,2026-06-10,21.000000,Random Forest,89.596274,-0.091075
2026-06-10,37.000000,KARŞIYAKA,89.505199,89.457424,2026-06-24,14.000000,Random Forest,89.153189,0.304236
2026-06-24,37.000000,KARŞIYAKA,89.457424,89.465697,2026-07-08,14.000000,Random Forest,89.282516,0.183180
2026-05-20,38.000000,EVKA-2,89.293664,89.496360,2026-06-10,21.000000,Random Forest,89.524751,-0.028391
2026-06-10,38.000000,EVKA-2,89.496360,89.561680,2026-06-24,14.000000,Random Forest,89.113928,0.447751
2026-06-24,38.000000,EVKA-2,89.561680,89.491606,2026-07-08,14.000000,Random Forest,89.299639,0.191966
2026-07-08,38.000000,EVKA-2,89.491606,89.468740,2026-07-29,21.000000,Random Forest,89.214493,0.254247
2026-05-20,39.000000,ÖRNEKKÖY,89.332656,89.454102,2026-06-10,21.000000,Random Forest,89.326330,0.127772
2026-06-10,39.000000,ÖRNEKKÖY,89.454102,89.628032,2026-06-24,14.000000,Random Forest,89.033659,0.594373
2026-06-24,39.000000,ÖRNEKKÖY,89.628032,89.494766,2026-07-08,14.000000,Random Forest,89.322929,0.171837
2026-07-08,39.000000,ÖRNEKKÖY,89.494766,89.454838,2026-07-29,21.000000,Random Forest,89.187549,0.267289
2026-05-20,40.000000,GÜMÜŞPALA,89.307299,89.464148,2026-06-10,21.000000,Random Forest,89.526542,-0.062394
2026-06-10,40.000000,GÜMÜŞPALA,89.464148,89.415235,2026-06-24,14.000000,Random Forest,89.059536,0.355699
2026-06-24,40.000000,GÜMÜŞPALA,89.415235,89.483664,2026-07-08,14.000000,Random Forest,89.234348,0.249315
2026-07-08,40.000000,GÜMÜŞPALA,89.483664,89.218378,2026-07-29,21.000000,Random Forest,89.194998,0.023380
2026-06-04,41.000000,DOĞANÇAY,89.058864,89.362006,2026-06-17,13.000000,Random Forest,89.265090,0.096916
2026-06-17,41.000000,DOĞANÇAY,89.362006,89.415040,2026-07-01,14.000000,Random Forest,89.272689,0.142352
2026-07-01,41.000000,DOĞANÇAY,89.415040,89.329287,2026-07-22,21.000000,Random Forest,89.241819,0.087468
2026-06-04,42.000000,YAMANLAR,89.075125,89.363758,2026-06-17,13.000000,Random Forest,89.393506,-0.029748
2026-06-17,42.000000,YAMANLAR,89.363758,89.386642,2026-07-01,14.000000,Random Forest,89.323452,0.063190
2026-07-01,42.000000,YAMANLAR,89.386642,89.437806,2026-07-22,21.000000,Random Forest,89.249647,0.188159
2026-06-04,43.000000,POSTACI MAH,89.073014,89.377027,2026-06-17,13.000000,Random Forest,89.395664,-0.018637
2026-06-17,43.000000,POSTACI MAH,89.377027,89.181770,2026-07-01,14.000000,Random Forest,89.333668,-0.151898
2026-07-01,43.000000,POSTACI MAH,89.181770,89.324150,2026-07-22,21.000000,Random Forest,89.265110,0.059040
2026-06-04,44.000000,YAMAÇ MAH,89.086614,89.518952,2026-06-17,13.000000,Random Forest,89.392947,0.126005
2026-06-17,44.000000,YAMAÇ MAH,89.518952,89.393585,2026-07-01,14.000000,Random Forest,89.317725,0.075860
2026-07-01,44.000000,YAMAÇ MAH,89.393585,89.438888,2026-07-22,21.000000,Random Forest,89.227598,0.211290
2026-06-04,45.000000,CUMHURİYET MAH,89.082872,89.351989,2026-06-17,13.000000,Random Forest,89.403122,-0.051133
2026-06-17,45.000000,CUMHURİYET MAH,89.351989,89.397496,2026-07-01,14.000000,Random Forest,89.332229,0.065267
2026-06-04,46.000000,GÜZELTEPE,89.064494,89.360344,2026-06-17,13.000000,Random Forest,89.298803,0.061541
2026-06-17,46.000000,GÜZELTEPE,89.360344,89.407684,2026-07-01,14.000000,Random Forest,89.335644,0.072040
2026-07-01,46.000000,GÜZELTEPE,89.407684,89.194344,2026-07-22,21.000000,Random Forest,89.246600,-0.052255
2026-06-04,47.000000,EVKA-5,88.902479,88.990538,2026-06-17,13.000000,Random Forest,89.490448,-0.499910
2026-06-17,47.000000,EVKA-5,88.990538,89.111454,2026-07-01,14.000000,Random Forest,89.542458,-0.431004
2026-07-01,47.000000,EVKA-5,89.111454,89.201736,2026-07-22,21.000000,Random Forest,89.506656,-0.304919
2026-06-04,48.000000,EGEKENT-2,89.082733,88.964341,2026-06-17,13.000000,Random Forest,89.496491,-0.532150
2026-06-17,48.000000,EGEKENT-2,88.964341,89.141099,2026-07-01,14.000000,Random Forest,89.514659,-0.373560
2026-07-01,48.000000,EGEKENT-2,89.141099,89.213357,2026-07-22,21.000000,Random Forest,89.478541,-0.265184
2026-06-04,49.000000,ALAYBEY,89.054520,89.359409,2026-06-17,13.000000,Random Forest,89.418458,-0.059050
2026-06-17,49.000000,ALAYBEY,89.359409,89.375398,2026-07-01,14.000000,Random Forest,89.395011,-0.019612
2026-06-04,50.000000,CENGİZHAN,89.039203,89.409519,2026-06-17,13.000000,Random Forest,89.404189,0.005329
2026-06-17,50.000000,CENGİZHAN,89.409519,89.391891,2026-07-01,14.000000,Random Forest,89.423723,-0.031833
2026-06-04,51.000000,ÇAY MAH,89.072115,89.260812,2026-06-17,13.000000,Random Forest,89.435089,-0.174278
2026-06-17,51.000000,ÇAY MAH,89.260812,89.376194,2026-07-01,14.000000,Random Forest,89.444278,-0.068084
2026-07-01,51.000000,ÇAY MAH,89.376194,89.322847,2026-07-22,21.000000,Random Forest,89.364375,-0.041529
2026-06-04,52.000000,İZYUVA,90.442600,90.429173,2026-06-17,13.000000,Random Forest,89.687009,0.742164
2026-06-17,52.000000,İZYUVA,90.429173,90.025752,2026-07-01,14.000000,Random Forest,89.633502,0.392250
2026-07-01,52.000000,İZYUVA,90.025752,90.298684,2026-07-22,21.000000,Random Forest,89.574468,0.724217
2026-06-04,53.000000,NALDÖKEN,90.440480,90.328245,2026-06-17,13.000000,Random Forest,89.719680,0.608564
2026-06-17,53.000000,NALDÖKEN,90.328245,90.021296,2026-07-01,14.000000,Random Forest,89.647459,0.373838
2026-06-04,54.000000,YEŞİLÇAM,90.271522,90.434984,2026-06-17,13.000000,Random Forest,89.819666,0.615318
2026-06-17,54.000000,YEŞİLÇAM,90.434984,90.319239,2026-07-01,14.000000,Random Forest,89.813883,0.505356
2026-07-01,54.000000,YEŞİLÇAM,90.319239,90.323842,2026-07-22,21.000000,Random Forest,89.778728,0.545114
2026-06-04,55.000000,MEVLANA,90.447434,90.436916,2026-06-17,13.000000,Random Forest,89.781544,0.655372
2026-06-17,55.000000,MEVLANA,90.436916,90.022892,2026-07-01,14.000000,Random Forest,89.661861,0.361030
2026-07-01,55.000000,MEVLANA,90.022892,90.203919,2026-07-22,21.000000,Random Forest,89.540907,0.663012
2026-06-04,56.000000,YEŞİLOVA,90.438316,90.440337,2026-06-17,13.000000,Random Forest,89.830026,0.610311
2026-06-17,56.000000,YEŞİLOVA,90.440337,90.059599,2026-07-01,14.000000,Random Forest,89.642097,0.417502
2026-06-04,57.000000,MERSİNLİ,90.440376,90.433964,2026-06-17,13.000000,Random Forest,89.819189,0.614775
2026-06-17,57.000000,MERSİNLİ,90.433964,90.047468,2026-07-01,14.000000,Random Forest,89.629927,0.417541
2026-07-01,57.000000,MERSİNLİ,90.047468,89.328785,2026-07-22,21.000000,Random Forest,89.533917,-0.205132
2026-06-04,59.000000,ÇANKAYA,89.245281,88.832177,2026-06-17,13.000000,Random Forest,89.444917,-0.612741
2026-06-17,59.000000,ÇANKAYA,88.832177,89.561406,2026-07-01,14.000000,Random Forest,89.601365,-0.039959
2026-07-01,59.000000,ÇANKAYA,89.561406,89.354005,2026-07-22,21.000000,Random Forest,89.455229,-0.101223
2026-06-04,60.000000,TOROS,89.344212,89.193993,2026-06-17,13.000000,Random Forest,89.494919,-0.300926
2026-06-17,60.000000,TOROS,89.193993,88.824011,2026-07-01,14.000000,Random Forest,89.613011,-0.789000
2026-07-01,60.000000,TOROS,88.824011,89.081441,2026-07-22,21.000000,Random Forest,89.574289,-0.492847
2026-06-04,61.000000,LEVENT,89.360412,89.312980,2026-06-17,13.000000,Random Forest,89.472271,-0.159291
2026-06-17,61.000000,LEVENT,89.312980,88.669362,2026-07-01,14.000000,Random Forest,89.606140,-0.936778
2026-06-04,62.000000,UFUK MAH,89.281626,89.125498,2026-06-17,13.000000,Random Forest,89.589387,-0.463889
2026-06-17,62.000000,UFUK MAH,89.125498,88.731345,2026-07-01,14.000000,Random Forest,89.693813,-0.962469
2026-07-01,62.000000,UFUK MAH,88.731345,89.115137,2026-07-22,21.000000,Random Forest,89.637094,-0.521956
2026-06-04,63.000000,EVKA-1,89.378074,90.477154,2026-06-17,13.000000,Random Forest,89.782248,0.694906
2026-06-17,63.000000,EVKA-1,90.477154,90.343535,2026-07-01,14.000000,Random Forest,89.978334,0.365202
2026-06-04,64.000000,ADATEPE,89.437635,90.484387,2026-06-17,13.000000,Random Forest,89.804495,0.679892
2026-06-17,64.000000,ADATEPE,90.484387,90.369527,2026-07-01,14.000000,Random Forest,90.012654,0.356873
2026-06-04,65.000000,KURUÇEŞME,89.436478,90.501164,2026-06-17,13.000000,Random Forest,89.786317,0.714847
2026-06-17,65.000000,KURUÇEŞME,90.501164,90.390285,2026-07-01,14.000000,Random Forest,89.991210,0.399074
2026-06-04,66.000000,KOZAĞAÇ,89.465241,90.478168,2026-06-17,13.000000,Random Forest,89.831642,0.646526
2026-06-17,66.000000,KOZAĞAÇ,90.478168,90.455477,2026-07-01,14.000000,Random Forest,89.993286,0.462191
2026-06-04,67.000000,ÇAMLIKULE,89.407644,90.482684,2026-06-17,13.000000,Random Forest,89.803924,0.678760
2026-06-17,67.000000,ÇAMLIKULE,90.482684,90.352991,2026-07-01,14.000000,Random Forest,89.983084,0.369907
2026-07-01,67.000000,ÇAMLIKULE,90.352991,90.588871,2026-07-22,21.000000,Random Forest,89.973322,0.615549
2026-06-04,68.000000,AKINCILAR,90.285488,90.492200,2026-06-17,13.000000,Random Forest,90.043824,0.448376
2026-06-17,68.000000,AKINCILAR,90.492200,90.358418,2026-07-01,14.000000,Random Forest,89.978635,0.379783
2026-06-04,69.000000,UĞUR MUMCU MAH,90.067977,90.184638,2026-06-17,13.000000,Random Forest,89.989523,0.195115
2026-06-17,69.000000,UĞUR MUMCU MAH,90.184638,90.018328,2026-07-01,14.000000,Random Forest,90.028298,-0.009970
2026-06-04,70.000000,ÇAMLIK MAH,90.396654,90.191624,2026-06-17,13.000000,Random Forest,90.059447,0.132177
2026-06-17,70.000000,ÇAMLIK MAH,90.191624,90.159806,2026-07-01,14.000000,Random Forest,90.039093,0.120714
2026-07-01,70.000000,ÇAMLIK MAH,90.159806,90.609129,2026-07-22,21.000000,Random Forest,89.901792,0.707336
2026-06-04,71.000000,AKTEPE,90.400606,90.181423,2026-06-17,13.000000,Random Forest,90.072765,0.108658
2026-06-17,71.000000,AKTEPE,90.181423,90.161013,2026-07-01,14.000000,Random Forest,90.035681,0.125332
2026-06-04,72.000000,9 EYLÜL MAH,90.399705,90.198095,2026-06-17,13.000000,Random Forest,90.077506,0.120589
2026-06-17,72.000000,9 EYLÜL MAH,90.198095,90.059552,2026-07-01,14.000000,Random Forest,90.036347,0.023205
2026-07-01,72.000000,9 EYLÜL MAH,90.059552,90.249856,2026-07-22,21.000000,Random Forest,89.873171,0.376685
2026-06-04,73.000000,BEYAZEVLER,90.405535,90.195374,2026-06-17,13.000000,Random Forest,90.052430,0.142944
2026-06-17,73.000000,BEYAZEVLER,90.195374,90.147701,2026-07-01,14.000000,Random Forest,90.042663,0.105038
2026-07-01,73.000000,BEYAZEVLER,90.147701,90.247107,2026-07-22,21.000000,Random Forest,89.880750,0.366358
2026-06-04,74.000000,UZUNDERE,90.305774,90.175820,2026-06-17,13.000000,Random Forest,89.997106,0.178714
2026-06-17,74.000000,UZUNDERE,90.175820,90.372471,2026-07-01,14.000000,Random Forest,90.086427,0.286044
2026-06-04,75.000000,CENNETÇEŞME,90.310137,90.184487,2026-06-17,13.000000,Random Forest,89.967348,0.217140
2026-06-17,75.000000,CENNETÇEŞME,90.184487,90.410725,2026-07-01,14.000000,Random Forest,90.026629,0.384096
2026-07-01,75.000000,CENNETÇEŞME,90.410725,90.250829,2026-07-22,21.000000,Random Forest,89.943248,0.307581
2026-06-04,76.000000,GÜZELBAHÇE,89.637776,89.749034,2026-06-17,13.000000,Random Forest,89.571018,0.178016
2026-06-17,76.000000,GÜZELBAHÇE,89.749034,89.611917,2026-07-01,14.000000,Random Forest,89.538905,0.073012
2026-06-04,78.000000,İNCİRALTI,89.657211,89.744064,2026-06-17,13.000000,Random Forest,89.577385,0.166678
2026-06-17,78.000000,İNCİRALTI,89.744064,89.718473,2026-07-01,14.000000,Random Forest,89.513808,0.204665
2026-07-01,78.000000,İNCİRALTI,89.718473,89.776903,2026-07-22,21.000000,Random Forest,89.684315,0.092588
2026-06-04,79.000000,ESENDERE,90.297540,90.175510,2026-06-17,13.000000,Random Forest,89.669703,0.505808
2026-06-17,79.000000,ESENDERE,90.175510,90.386467,2026-07-01,14.000000,Random Forest,89.830633,0.555835
2026-06-04,80.000000,KADİFEKALE,89.925420,90.316613,2026-06-17,13.000000,Random Forest,89.734345,0.582268
2026-06-17,80.000000,KADİFEKALE,90.316613,90.451346,2026-07-01,14.000000,Random Forest,89.706126,0.745220
2026-07-01,80.000000,KADİFEKALE,90.451346,90.627083,2026-07-22,21.000000,Random Forest,89.928871,0.698213
2026-05-20,2.000000,YENİŞEHİR,89.171251,89.416424,2026-06-10,21.000000,Gradient Boosting,89.614992,-0.198568
2026-06-10,2.000000,YENİŞEHİR,89.416424,89.532934,2026-06-24,14.000000,Gradient Boosting,89.325164,0.207770
2026-06-24,2.000000,YENİŞEHİR,89.532934,89.481268,2026-07-08,14.000000,Gradient Boosting,89.460555,0.020714
2026-07-08,2.000000,YENİŞEHİR,89.481268,89.630209,2026-07-29,21.000000,Gradient Boosting,89.340059,0.290150
2026-05-20,3.000000,KONAK,88.916794,89.344710,2026-06-10,21.000000,Gradient Boosting,89.576318,-0.231608
2026-06-10,3.000000,KONAK,89.344710,89.501654,2026-06-24,14.000000,Gradient Boosting,89.220482,0.281172
2026-06-24,3.000000,KONAK,89.501654,89.434766,2026-07-08,14.000000,Gradient Boosting,89.304775,0.129991
2026-07-08,3.000000,KONAK,89.434766,89.614325,2026-07-29,21.000000,Gradient Boosting,89.315109,0.299216
2026-05-20,4.000000,GÜZELBAHÇE,89.607465,89.803805,2026-06-10,21.000000,Gradient Boosting,89.607821,0.195984
2026-06-10,4.000000,GÜZELBAHÇE,89.803805,89.682425,2026-06-24,14.000000,Gradient Boosting,89.524001,0.158424
2026-06-24,4.000000,GÜZELBAHÇE,89.682425,89.862392,2026-07-08,14.000000,Gradient Boosting,89.738555,0.123836
2026-07-08,4.000000,GÜZELBAHÇE,89.862392,89.786163,2026-07-29,21.000000,Gradient Boosting,89.609953,0.176210
2026-05-20,5.000000,NARLIDERE,89.622811,89.835110,2026-06-10,21.000000,Gradient Boosting,89.660346,0.174765
2026-06-10,5.000000,NARLIDERE,89.835110,89.669981,2026-06-24,14.000000,Gradient Boosting,89.522790,0.147191
2026-06-24,5.000000,NARLIDERE,89.669981,89.913736,2026-07-08,14.000000,Gradient Boosting,89.733669,0.180068
2026-07-08,5.000000,NARLIDERE,89.913736,89.807076,2026-07-29,21.000000,Gradient Boosting,89.534829,0.272247
2026-05-20,6.000000,BALÇOVA,89.609173,89.781806,2026-06-10,21.000000,Gradient Boosting,89.663014,0.118792
2026-06-10,6.000000,BALÇOVA,89.781806,89.582532,2026-06-24,14.000000,Gradient Boosting,89.539071,0.043460
2026-06-24,6.000000,BALÇOVA,89.582532,89.894872,2026-07-08,14.000000,Gradient Boosting,89.712140,0.182732
2026-05-20,7.000000,ÜÇKUYULAR,89.609897,89.791530,2026-06-10,21.000000,Gradient Boosting,89.620208,0.171322
2026-06-10,7.000000,ÜÇKUYULAR,89.791530,89.610459,2026-06-24,14.000000,Gradient Boosting,89.473889,0.136570
2026-06-24,7.000000,ÜÇKUYULAR,89.610459,89.911785,2026-07-08,14.000000,Gradient Boosting,89.679162,0.232622
2026-07-08,7.000000,ÜÇKUYULAR,89.911785,89.819160,2026-07-29,21.000000,Gradient Boosting,89.570859,0.248301
2026-05-20,8.000000,GÜZELYALI,89.599758,89.779916,2026-06-10,21.000000,Gradient Boosting,89.706023,0.073893
2026-06-10,8.000000,GÜZELYALI,89.779916,89.672145,2026-06-24,14.000000,Gradient Boosting,89.531130,0.141016
2026-06-24,8.000000,GÜZELYALI,89.672145,89.900279,2026-07-08,14.000000,Gradient Boosting,89.704753,0.195526
2026-07-08,8.000000,GÜZELYALI,89.900279,89.800038,2026-07-29,21.000000,Gradient Boosting,89.592907,0.207130
2026-05-20,9.000000,HATAY,89.931407,90.501942,2026-06-10,21.000000,Gradient Boosting,89.991475,0.510467
2026-06-10,9.000000,HATAY,90.501942,90.032400,2026-06-24,14.000000,Gradient Boosting,90.003879,0.028521
2026-06-24,9.000000,HATAY,90.032400,90.219082,2026-07-08,14.000000,Gradient Boosting,89.912641,0.306441
2026-05-20,11.000000,YEŞİLYURT,89.931889,90.514492,2026-06-10,21.000000,Gradient Boosting,90.109843,0.404649
2026-06-10,11.000000,YEŞİLYURT,90.514492,90.028834,2026-06-24,14.000000,Gradient Boosting,90.006720,0.022114
2026-06-24,11.000000,YEŞİLYURT,90.028834,90.207656,2026-07-08,14.000000,Gradient Boosting,89.858788,0.348868
2026-05-20,13.000000,KARABAĞLAR,89.926412,90.516418,2026-06-10,21.000000,Gradient Boosting,90.119743,0.396675
2026-06-10,13.000000,KARABAĞLAR,90.516418,90.023598,2026-06-24,14.000000,Gradient Boosting,90.025829,-0.002232
2026-06-24,13.000000,KARABAĞLAR,90.023598,90.204064,2026-07-08,14.000000,Gradient Boosting,89.985060,0.219004
2026-05-20,14.000000,ESKİ İZMİR,89.945390,90.506369,2026-06-10,21.000000,Gradient Boosting,90.157401,0.348968
2026-06-10,14.000000,ESKİ İZMİR,90.506369,90.025689,2026-06-24,14.000000,Gradient Boosting,90.056389,-0.030700
2026-06-24,14.000000,ESKİ İZMİR,90.025689,90.222125,2026-07-08,14.000000,Gradient Boosting,89.991136,0.230989
2026-07-08,14.000000,ESKİ İZMİR,90.222125,90.196727,2026-07-29,21.000000,Gradient Boosting,89.776557,0.420170
2026-05-20,15.000000,GAZİEMİR,89.928478,90.501369,2026-06-10,21.000000,Gradient Boosting,90.113996,0.387373
2026-06-10,15.000000,GAZİEMİR,90.501369,90.038934,2026-06-24,14.000000,Gradient Boosting,90.053039,-0.014105
2026-06-24,15.000000,GAZİEMİR,90.038934,90.241629,2026-07-08,14.000000,Gradient Boosting,89.998093,0.243535
2026-07-08,15.000000,GAZİEMİR,90.241629,90.191809,2026-07-29,21.000000,Gradient Boosting,89.808623,0.383185
2026-05-20,16.000000,GEDİZ,88.642344,90.442743,2026-06-10,21.000000,Gradient Boosting,89.701266,0.741477
2026-06-10,16.000000,GEDİZ,90.442743,90.397690,2026-06-24,14.000000,Gradient Boosting,89.832162,0.565528
2026-06-24,16.000000,GEDİZ,90.397690,90.424392,2026-07-08,14.000000,Gradient Boosting,90.080510,0.343882
2026-07-08,16.000000,GEDİZ,90.424392,90.298275,2026-07-29,21.000000,Gradient Boosting,89.778269,0.520006
2026-05-20,17.000000,ŞİRİNYER,88.722518,90.463307,2026-06-10,21.000000,Gradient Boosting,89.745553,0.717754
2026-06-10,17.000000,ŞİRİNYER,90.463307,90.395705,2026-06-24,14.000000,Gradient Boosting,89.839685,0.556021
2026-06-24,17.000000,ŞİRİNYER,90.395705,90.448692,2026-07-08,14.000000,Gradient Boosting,90.070027,0.378665
2026-07-08,17.000000,ŞİRİNYER,90.448692,90.313001,2026-07-29,21.000000,Gradient Boosting,89.786821,0.526180
2026-05-20,18.000000,BUCA,88.740093,90.440112,2026-06-10,21.000000,Gradient Boosting,89.758144,0.681968
2026-06-10,18.000000,BUCA,90.440112,90.417150,2026-06-24,14.000000,Gradient Boosting,89.853088,0.564062
2026-06-24,18.000000,BUCA,90.417150,90.441345,2026-07-08,14.000000,Gradient Boosting,90.107091,0.334254
2026-05-20,19.000000,GÜLÇEŞME,88.669766,90.442406,2026-06-10,21.000000,Gradient Boosting,89.735729,0.706677
2026-06-10,19.000000,GÜLÇEŞME,90.442406,90.407802,2026-06-24,14.000000,Gradient Boosting,89.916741,0.491061
2026-06-24,19.000000,GÜLÇEŞME,90.407802,90.443230,2026-07-08,14.000000,Gradient Boosting,90.181722,0.261508
2026-07-08,19.000000,GÜLÇEŞME,90.443230,90.319854,2026-07-29,21.000000,Gradient Boosting,89.751628,0.568227
2026-05-20,20.000000,GÜLTEPE,88.562435,89.468806,2026-06-10,21.000000,Gradient Boosting,89.451664,0.017142
2026-06-10,20.000000,GÜLTEPE,89.468806,89.265996,2026-06-24,14.000000,Gradient Boosting,89.526264,-0.260268
2026-06-24,20.000000,GÜLTEPE,89.265996,90.444880,2026-07-08,14.000000,Gradient Boosting,89.384728,1.060151
2026-07-08,20.000000,GÜLTEPE,90.444880,90.037716,2026-07-29,21.000000,Gradient Boosting,90.091281,-0.053565
2026-05-20,21.000000,ALTINDAĞ,90.143620,90.477106,2026-06-10,21.000000,Gradient Boosting,89.838925,0.638181
2026-06-10,21.000000,ALTINDAĞ,90.477106,90.376517,2026-06-24,14.000000,Gradient Boosting,89.785191,0.591326
2026-06-24,21.000000,ALTINDAĞ,90.376517,90.053871,2026-07-08,14.000000,Gradient Boosting,89.903317,0.150554
2026-07-08,21.000000,ALTINDAĞ,90.053871,90.286260,2026-07-29,21.000000,Gradient Boosting,89.399246,0.887014
2026-05-20,22.000000,ÇAMDİBİ,90.154959,90.478890,2026-06-10,21.000000,Gradient Boosting,89.826415,0.652475
2026-06-10,22.000000,ÇAMDİBİ,90.478890,90.290197,2026-06-24,14.000000,Gradient Boosting,89.731655,0.558542
2026-06-24,22.000000,ÇAMDİBİ,90.290197,90.025515,2026-07-08,14.000000,Gradient Boosting,89.871641,0.153874
2026-07-08,22.000000,ÇAMDİBİ,90.025515,90.114344,2026-07-29,21.000000,Gradient Boosting,89.360653,0.753692
2026-05-20,23.000000,IŞIKKENT,90.153745,90.469253,2026-06-10,21.000000,Gradient Boosting,89.985560,0.483693
2026-06-10,23.000000,IŞIKKENT,90.469253,90.283286,2026-06-24,14.000000,Gradient Boosting,89.877128,0.406158
2026-06-24,23.000000,IŞIKKENT,90.283286,89.984217,2026-07-08,14.000000,Gradient Boosting,89.970537,0.013679
2026-07-08,23.000000,IŞIKKENT,89.984217,90.293613,2026-07-29,21.000000,Gradient Boosting,89.436020,0.857593
2026-05-20,24.000000,PINARBAŞI,90.127186,90.418798,2026-06-10,21.000000,Gradient Boosting,89.895804,0.522995
2026-06-10,24.000000,PINARBAŞI,90.418798,90.299425,2026-06-24,14.000000,Gradient Boosting,89.823841,0.475584
2026-06-24,24.000000,PINARBAŞI,90.299425,90.063102,2026-07-08,14.000000,Gradient Boosting,89.923194,0.139908
2026-05-20,25.000000,EVKA-3,90.141286,90.219872,2026-06-10,21.000000,Gradient Boosting,89.658737,0.561135
2026-06-10,25.000000,EVKA-3,90.219872,90.382894,2026-06-24,14.000000,Gradient Boosting,89.543842,0.839052
2026-06-24,25.000000,EVKA-3,90.382894,89.940551,2026-07-08,14.000000,Gradient Boosting,90.009818,-0.069266
2026-07-08,25.000000,EVKA-3,89.940551,90.273312,2026-07-29,21.000000,Gradient Boosting,89.593792,0.679520
2026-05-20,26.000000,BORNOVA,90.158683,90.243283,2026-06-10,21.000000,Gradient Boosting,89.636524,0.606759
2026-06-10,26.000000,BORNOVA,90.243283,90.406226,2026-06-24,14.000000,Gradient Boosting,89.600778,0.805448
2026-06-24,26.000000,BORNOVA,90.406226,90.065401,2026-07-08,14.000000,Gradient Boosting,90.043006,0.022395
2026-07-08,26.000000,BORNOVA,90.065401,90.286403,2026-07-29,21.000000,Gradient Boosting,89.696342,0.590061
2026-05-20,27.000000,ATATÜRK MAH,90.124933,89.395165,2026-06-10,21.000000,Gradient Boosting,89.932577,-0.537412
2026-06-10,27.000000,ATATÜRK MAH,89.395165,89.586334,2026-06-24,14.000000,Gradient Boosting,88.962768,0.623566
2026-06-24,27.000000,ATATÜRK MAH,89.586334,90.101601,2026-07-08,14.000000,Gradient Boosting,89.187810,0.913791
2026-07-08,27.000000,ATATÜRK MAH,90.101601,89.488579,2026-07-29,21.000000,Gradient Boosting,89.352350,0.136229
2026-05-20,28.000000,OSMANGAZİ,90.154709,89.419043,2026-06-10,21.000000,Gradient Boosting,89.711232,-0.292190
2026-06-10,28.000000,OSMANGAZİ,89.419043,89.558425,2026-06-24,14.000000,Gradient Boosting,88.967462,0.590963
2026-06-24,28.000000,OSMANGAZİ,89.558425,89.570017,2026-07-08,14.000000,Gradient Boosting,89.319424,0.250593
2026-07-08,28.000000,OSMANGAZİ,89.570017,89.499949,2026-07-29,21.000000,Gradient Boosting,89.104174,0.395775
2026-05-20,29.000000,ÖZKANLAR,90.149269,89.412169,2026-06-10,21.000000,Gradient Boosting,89.710365,-0.298196
2026-06-10,29.000000,ÖZKANLAR,89.412169,89.556976,2026-06-24,14.000000,Gradient Boosting,89.086278,0.470698
2026-06-24,29.000000,ÖZKANLAR,89.556976,89.107580,2026-07-08,14.000000,Gradient Boosting,89.338664,-0.231085
2026-07-08,29.000000,ÖZKANLAR,89.107580,89.591852,2026-07-29,21.000000,Gradient Boosting,89.359711,0.232141
2026-05-20,30.000000,MANAVKUYU,90.149821,89.323244,2026-06-10,21.000000,Gradient Boosting,90.100051,-0.776807
2026-06-10,30.000000,MANAVKUYU,89.323244,89.506124,2026-06-24,14.000000,Gradient Boosting,89.202851,0.303273
2026-06-24,30.000000,MANAVKUYU,89.506124,88.664931,2026-07-08,14.000000,Gradient Boosting,89.184880,-0.519950
2026-07-08,30.000000,MANAVKUYU,88.664931,89.485632,2026-07-29,21.000000,Gradient Boosting,89.404358,0.081275
2026-05-20,32.000000,EGEKENT,88.861258,88.997606,2026-06-10,21.000000,Gradient Boosting,89.272988,-0.275382
2026-06-10,32.000000,EGEKENT,88.997606,89.066391,2026-06-24,14.000000,Gradient Boosting,89.382464,-0.316072
2026-06-24,32.000000,EGEKENT,89.066391,89.056502,2026-07-08,14.000000,Gradient Boosting,89.655526,-0.599023
2026-07-08,32.000000,EGEKENT,89.056502,89.315416,2026-07-29,21.000000,Gradient Boosting,89.436854,-0.121438
2026-05-20,33.000000,BALATÇIK,88.842834,89.050214,2026-06-10,21.000000,Gradient Boosting,89.280584,-0.230370
2026-06-10,33.000000,BALATÇIK,89.050214,89.057845,2026-06-24,14.000000,Gradient Boosting,89.385677,-0.327832
2026-06-24,33.000000,BALATÇIK,89.057845,89.114467,2026-07-08,14.000000,Gradient Boosting,89.504284,-0.389816
2026-07-08,33.000000,BALATÇIK,89.114467,89.297267,2026-07-29,21.000000,Gradient Boosting,89.462002,-0.164735
2026-05-20,34.000000,ÇİĞLİ,88.864846,89.424137,2026-06-10,21.000000,Gradient Boosting,89.280185,0.143952
2026-06-10,34.000000,ÇİĞLİ,89.424137,89.540205,2026-06-24,14.000000,Gradient Boosting,89.332655,0.207551
2026-06-24,34.000000,ÇİĞLİ,89.540205,89.009229,2026-07-08,14.000000,Gradient Boosting,89.263210,-0.253981
2026-07-08,34.000000,ÇİĞLİ,89.009229,89.493153,2026-07-29,21.000000,Gradient Boosting,89.292188,0.200966
2026-05-20,35.000000,BOSTANLI,89.302504,89.293782,2026-06-10,21.000000,Gradient Boosting,89.080738,0.213044
2026-06-10,35.000000,BOSTANLI,89.293782,89.524071,2026-06-24,14.000000,Gradient Boosting,89.122235,0.401836
2026-06-24,35.000000,BOSTANLI,89.524071,89.502685,2026-07-08,14.000000,Gradient Boosting,89.343348,0.159337
2026-07-08,35.000000,BOSTANLI,89.502685,89.510151,2026-07-29,21.000000,Gradient Boosting,89.315326,0.194825
2026-05-20,36.000000,ŞEMİKLER,89.309022,89.499476,2026-06-10,21.000000,Gradient Boosting,89.327620,0.171855
2026-06-10,36.000000,ŞEMİKLER,89.499476,89.648444,2026-06-24,14.000000,Gradient Boosting,89.062624,0.585820
2026-06-24,36.000000,ŞEMİKLER,89.648444,89.456349,2026-07-08,14.000000,Gradient Boosting,89.192463,0.263886
2026-05-20,37.000000,KARŞIYAKA,89.273294,89.505199,2026-06-10,21.000000,Gradient Boosting,89.360407,0.144792
2026-06-10,37.000000,KARŞIYAKA,89.505199,89.457424,2026-06-24,14.000000,Gradient Boosting,89.163859,0.293565
2026-06-24,37.000000,KARŞIYAKA,89.457424,89.465697,2026-07-08,14.000000,Gradient Boosting,89.285702,0.179995
2026-05-20,38.000000,EVKA-2,89.293664,89.496360,2026-06-10,21.000000,Gradient Boosting,89.321842,0.174518
2026-06-10,38.000000,EVKA-2,89.496360,89.561680,2026-06-24,14.000000,Gradient Boosting,89.098748,0.462932
2026-06-24,38.000000,EVKA-2,89.561680,89.491606,2026-07-08,14.000000,Gradient Boosting,89.271721,0.219885
2026-07-08,38.000000,EVKA-2,89.491606,89.468740,2026-07-29,21.000000,Gradient Boosting,89.293199,0.175541
2026-05-20,39.000000,ÖRNEKKÖY,89.332656,89.454102,2026-06-10,21.000000,Gradient Boosting,89.121013,0.333090
2026-06-10,39.000000,ÖRNEKKÖY,89.454102,89.628032,2026-06-24,14.000000,Gradient Boosting,88.886898,0.741134
2026-06-24,39.000000,ÖRNEKKÖY,89.628032,89.494766,2026-07-08,14.000000,Gradient Boosting,89.374392,0.120373
2026-07-08,39.000000,ÖRNEKKÖY,89.494766,89.454838,2026-07-29,21.000000,Gradient Boosting,89.250766,0.204072
2026-05-20,40.000000,GÜMÜŞPALA,89.307299,89.464148,2026-06-10,21.000000,Gradient Boosting,89.381025,0.083123
2026-06-10,40.000000,GÜMÜŞPALA,89.464148,89.415235,2026-06-24,14.000000,Gradient Boosting,89.099571,0.315664
2026-06-24,40.000000,GÜMÜŞPALA,89.415235,89.483664,2026-07-08,14.000000,Gradient Boosting,89.275745,0.207918
2026-07-08,40.000000,GÜMÜŞPALA,89.483664,89.218378,2026-07-29,21.000000,Gradient Boosting,89.338660,-0.120283
2026-06-04,41.000000,DOĞANÇAY,89.058864,89.362006,2026-06-17,13.000000,Gradient Boosting,89.163175,0.198831
2026-06-17,41.000000,DOĞANÇAY,89.362006,89.415040,2026-07-01,14.000000,Gradient Boosting,89.339077,0.075964
2026-07-01,41.000000,DOĞANÇAY,89.415040,89.329287,2026-07-22,21.000000,Gradient Boosting,89.307440,0.021847
2026-06-04,42.000000,YAMANLAR,89.075125,89.363758,2026-06-17,13.000000,Gradient Boosting,89.362972,0.000786
2026-06-17,42.000000,YAMANLAR,89.363758,89.386642,2026-07-01,14.000000,Gradient Boosting,89.383810,0.002832
2026-07-01,42.000000,YAMANLAR,89.386642,89.437806,2026-07-22,21.000000,Gradient Boosting,89.348939,0.088867
2026-06-04,43.000000,POSTACI MAH,89.073014,89.377027,2026-06-17,13.000000,Gradient Boosting,89.374579,0.002448
2026-06-17,43.000000,POSTACI MAH,89.377027,89.181770,2026-07-01,14.000000,Gradient Boosting,89.455610,-0.273840
2026-07-01,43.000000,POSTACI MAH,89.181770,89.324150,2026-07-22,21.000000,Gradient Boosting,89.357945,-0.033795
2026-06-04,44.000000,YAMAÇ MAH,89.086614,89.518952,2026-06-17,13.000000,Gradient Boosting,89.362064,0.156888
2026-06-17,44.000000,YAMAÇ MAH,89.518952,89.393585,2026-07-01,14.000000,Gradient Boosting,89.392165,0.001420
2026-07-01,44.000000,YAMAÇ MAH,89.393585,89.438888,2026-07-22,21.000000,Gradient Boosting,89.304200,0.134688
2026-06-04,45.000000,CUMHURİYET MAH,89.082872,89.351989,2026-06-17,13.000000,Gradient Boosting,89.373442,-0.021452
2026-06-17,45.000000,CUMHURİYET MAH,89.351989,89.397496,2026-07-01,14.000000,Gradient Boosting,89.437858,-0.040362
2026-06-04,46.000000,GÜZELTEPE,89.064494,89.360344,2026-06-17,13.000000,Gradient Boosting,89.267701,0.092643
2026-06-17,46.000000,GÜZELTEPE,89.360344,89.407684,2026-07-01,14.000000,Gradient Boosting,89.428887,-0.021203
2026-07-01,46.000000,GÜZELTEPE,89.407684,89.194344,2026-07-22,21.000000,Gradient Boosting,89.294365,-0.100020
2026-06-04,47.000000,EVKA-5,88.902479,88.990538,2026-06-17,13.000000,Gradient Boosting,89.401131,-0.410594
2026-06-17,47.000000,EVKA-5,88.990538,89.111454,2026-07-01,14.000000,Gradient Boosting,89.665646,-0.554193
2026-07-01,47.000000,EVKA-5,89.111454,89.201736,2026-07-22,21.000000,Gradient Boosting,89.628689,-0.426952
2026-06-04,48.000000,EGEKENT-2,89.082733,88.964341,2026-06-17,13.000000,Gradient Boosting,89.442987,-0.478645
2026-06-17,48.000000,EGEKENT-2,88.964341,89.141099,2026-07-01,14.000000,Gradient Boosting,89.718938,-0.577839
2026-07-01,48.000000,EGEKENT-2,89.141099,89.213357,2026-07-22,21.000000,Gradient Boosting,89.536003,-0.322647
2026-06-04,49.000000,ALAYBEY,89.054520,89.359409,2026-06-17,13.000000,Gradient Boosting,89.427088,-0.067679
2026-06-17,49.000000,ALAYBEY,89.359409,89.375398,2026-07-01,14.000000,Gradient Boosting,89.586184,-0.210786
2026-06-04,50.000000,CENGİZHAN,89.039203,89.409519,2026-06-17,13.000000,Gradient Boosting,89.348670,0.060848
2026-06-17,50.000000,CENGİZHAN,89.409519,89.391891,2026-07-01,14.000000,Gradient Boosting,89.563181,-0.171291
2026-06-04,51.000000,ÇAY MAH,89.072115,89.260812,2026-06-17,13.000000,Gradient Boosting,89.291604,-0.030793
2026-06-17,51.000000,ÇAY MAH,89.260812,89.376194,2026-07-01,14.000000,Gradient Boosting,89.727145,-0.350950
2026-07-01,51.000000,ÇAY MAH,89.376194,89.322847,2026-07-22,21.000000,Gradient Boosting,89.494704,-0.171857
2026-06-04,52.000000,İZYUVA,90.442600,90.429173,2026-06-17,13.000000,Gradient Boosting,89.739749,0.689423
2026-06-17,52.000000,İZYUVA,90.429173,90.025752,2026-07-01,14.000000,Gradient Boosting,89.887971,0.137781
2026-07-01,52.000000,İZYUVA,90.025752,90.298684,2026-07-22,21.000000,Gradient Boosting,89.412363,0.886322
2026-06-04,53.000000,NALDÖKEN,90.440480,90.328245,2026-06-17,13.000000,Gradient Boosting,89.720388,0.607857
2026-06-17,53.000000,NALDÖKEN,90.328245,90.021296,2026-07-01,14.000000,Gradient Boosting,89.881798,0.139499
2026-06-04,54.000000,YEŞİLÇAM,90.271522,90.434984,2026-06-17,13.000000,Gradient Boosting,89.861936,0.573048
2026-06-17,54.000000,YEŞİLÇAM,90.434984,90.319239,2026-07-01,14.000000,Gradient Boosting,89.924982,0.394257
2026-07-01,54.000000,YEŞİLÇAM,90.319239,90.323842,2026-07-22,21.000000,Gradient Boosting,89.745310,0.578531
2026-06-04,55.000000,MEVLANA,90.447434,90.436916,2026-06-17,13.000000,Gradient Boosting,89.738630,0.698286
2026-06-17,55.000000,MEVLANA,90.436916,90.022892,2026-07-01,14.000000,Gradient Boosting,89.932686,0.090206
2026-07-01,55.000000,MEVLANA,90.022892,90.203919,2026-07-22,21.000000,Gradient Boosting,89.387557,0.816362
2026-06-04,56.000000,YEŞİLOVA,90.438316,90.440337,2026-06-17,13.000000,Gradient Boosting,89.817583,0.622754
2026-06-17,56.000000,YEŞİLOVA,90.440337,90.059599,2026-07-01,14.000000,Gradient Boosting,89.902150,0.157449
2026-06-04,57.000000,MERSİNLİ,90.440376,90.433964,2026-06-17,13.000000,Gradient Boosting,89.829517,0.604447
2026-06-17,57.000000,MERSİNLİ,90.433964,90.047468,2026-07-01,14.000000,Gradient Boosting,89.902070,0.145397
2026-07-01,57.000000,MERSİNLİ,90.047468,89.328785,2026-07-22,21.000000,Gradient Boosting,89.371439,-0.042653
2026-06-04,59.000000,ÇANKAYA,89.245281,88.832177,2026-06-17,13.000000,Gradient Boosting,89.515792,-0.683616
2026-06-17,59.000000,ÇANKAYA,88.832177,89.561406,2026-07-01,14.000000,Gradient Boosting,89.664835,-0.103429
2026-07-01,59.000000,ÇANKAYA,89.561406,89.354005,2026-07-22,21.000000,Gradient Boosting,89.385463,-0.031458
2026-06-04,60.000000,TOROS,89.344212,89.193993,2026-06-17,13.000000,Gradient Boosting,89.526855,-0.332862
2026-06-17,60.000000,TOROS,89.193993,88.824011,2026-07-01,14.000000,Gradient Boosting,89.707453,-0.883442
2026-07-01,60.000000,TOROS,88.824011,89.081441,2026-07-22,21.000000,Gradient Boosting,89.661149,-0.579707
2026-06-04,61.000000,LEVENT,89.360412,89.312980,2026-06-17,13.000000,Gradient Boosting,89.462443,-0.149463
2026-06-17,61.000000,LEVENT,89.312980,88.669362,2026-07-01,14.000000,Gradient Boosting,89.672542,-1.003180
2026-06-04,62.000000,UFUK MAH,89.281626,89.125498,2026-06-17,13.000000,Gradient Boosting,89.542389,-0.416890
2026-06-17,62.000000,UFUK MAH,89.125498,88.731345,2026-07-01,14.000000,Gradient Boosting,89.647210,-0.915866
2026-07-01,62.000000,UFUK MAH,88.731345,89.115137,2026-07-22,21.000000,Gradient Boosting,89.685279,-0.570142
2026-06-04,63.000000,EVKA-1,89.378074,90.477154,2026-06-17,13.000000,Gradient Boosting,89.801456,0.675698
2026-06-17,63.000000,EVKA-1,90.477154,90.343535,2026-07-01,14.000000,Gradient Boosting,89.969524,0.374011
2026-06-04,64.000000,ADATEPE,89.437635,90.484387,2026-06-17,13.000000,Gradient Boosting,89.638663,0.845724
2026-06-17,64.000000,ADATEPE,90.484387,90.369527,2026-07-01,14.000000,Gradient Boosting,89.976118,0.393409
2026-06-04,65.000000,KURUÇEŞME,89.436478,90.501164,2026-06-17,13.000000,Gradient Boosting,89.765432,0.735732
2026-06-17,65.000000,KURUÇEŞME,90.501164,90.390285,2026-07-01,14.000000,Gradient Boosting,89.912702,0.477582
2026-06-04,66.000000,KOZAĞAÇ,89.465241,90.478168,2026-06-17,13.000000,Gradient Boosting,89.829631,0.648537
2026-06-17,66.000000,KOZAĞAÇ,90.478168,90.455477,2026-07-01,14.000000,Gradient Boosting,89.936094,0.519383
2026-06-04,67.000000,ÇAMLIKULE,89.407644,90.482684,2026-06-17,13.000000,Gradient Boosting,89.766564,0.716120
2026-06-17,67.000000,ÇAMLIKULE,90.482684,90.352991,2026-07-01,14.000000,Gradient Boosting,89.956260,0.396731
2026-07-01,67.000000,ÇAMLIKULE,90.352991,90.588871,2026-07-22,21.000000,Gradient Boosting,90.087465,0.501405
2026-06-04,68.000000,AKINCILAR,90.285488,90.492200,2026-06-17,13.000000,Gradient Boosting,90.036683,0.455517
2026-06-17,68.000000,AKINCILAR,90.492200,90.358418,2026-07-01,14.000000,Gradient Boosting,89.968585,0.389832
2026-06-04,69.000000,UĞUR MUMCU MAH,90.067977,90.184638,2026-06-17,13.000000,Gradient Boosting,89.985763,0.198875
2026-06-17,69.000000,UĞUR MUMCU MAH,90.184638,90.018328,2026-07-01,14.000000,Gradient Boosting,90.031363,-0.013035
2026-06-04,70.000000,ÇAMLIK MAH,90.396654,90.191624,2026-06-17,13.000000,Gradient Boosting,90.043744,0.147880
2026-06-17,70.000000,ÇAMLIK MAH,90.191624,90.159806,2026-07-01,14.000000,Gradient Boosting,90.062056,0.097750
2026-07-01,70.000000,ÇAMLIK MAH,90.159806,90.609129,2026-07-22,21.000000,Gradient Boosting,89.829292,0.779837
2026-06-04,71.000000,AKTEPE,90.400606,90.181423,2026-06-17,13.000000,Gradient Boosting,90.145560,0.035864
2026-06-17,71.000000,AKTEPE,90.181423,90.161013,2026-07-01,14.000000,Gradient Boosting,90.086939,0.074074
2026-06-04,72.000000,9 EYLÜL MAH,90.399705,90.198095,2026-06-17,13.000000,Gradient Boosting,90.119375,0.078720
2026-06-17,72.000000,9 EYLÜL MAH,90.198095,90.059552,2026-07-01,14.000000,Gradient Boosting,90.085046,-0.025494
2026-07-01,72.000000,9 EYLÜL MAH,90.059552,90.249856,2026-07-22,21.000000,Gradient Boosting,89.837397,0.412459
2026-06-04,73.000000,BEYAZEVLER,90.405535,90.195374,2026-06-17,13.000000,Gradient Boosting,90.097482,0.097892
2026-06-17,73.000000,BEYAZEVLER,90.195374,90.147701,2026-07-01,14.000000,Gradient Boosting,90.088818,0.058883
2026-07-01,73.000000,BEYAZEVLER,90.147701,90.247107,2026-07-22,21.000000,Gradient Boosting,89.779001,0.468106
2026-06-04,74.000000,UZUNDERE,90.305774,90.175820,2026-06-17,13.000000,Gradient Boosting,90.024943,0.150876
2026-06-17,74.000000,UZUNDERE,90.175820,90.372471,2026-07-01,14.000000,Gradient Boosting,90.154584,0.217887
2026-06-04,75.000000,CENNETÇEŞME,90.310137,90.184487,2026-06-17,13.000000,Gradient Boosting,90.008523,0.175964
2026-06-17,75.000000,CENNETÇEŞME,90.184487,90.410725,2026-07-01,14.000000,Gradient Boosting,90.073266,0.337459
2026-07-01,75.000000,CENNETÇEŞME,90.410725,90.250829,2026-07-22,21.000000,Gradient Boosting,89.941658,0.309171
2026-06-04,76.000000,GÜZELBAHÇE,89.637776,89.749034,2026-06-17,13.000000,Gradient Boosting,89.501299,0.247735
2026-06-17,76.000000,GÜZELBAHÇE,89.749034,89.611917,2026-07-01,14.000000,Gradient Boosting,89.553608,0.058309
2026-06-04,78.000000,İNCİRALTI,89.657211,89.744064,2026-06-17,13.000000,Gradient Boosting,89.484984,0.259080
2026-06-17,78.000000,İNCİRALTI,89.744064,89.718473,2026-07-01,14.000000,Gradient Boosting,89.485702,0.232771
2026-07-01,78.000000,İNCİRALTI,89.718473,89.776903,2026-07-22,21.000000,Gradient Boosting,89.554877,0.222026
2026-06-04,79.000000,ESENDERE,90.297540,90.175510,2026-06-17,13.000000,Gradient Boosting,89.640499,0.535011
2026-06-17,79.000000,ESENDERE,90.175510,90.386467,2026-07-01,14.000000,Gradient Boosting,89.829020,0.557447
2026-06-04,80.000000,KADİFEKALE,89.925420,90.316613,2026-06-17,13.000000,Gradient Boosting,89.626759,0.689854
2026-06-17,80.000000,KADİFEKALE,90.316613,90.451346,2026-07-01,14.000000,Gradient Boosting,89.534990,0.916356
2026-07-01,80.000000,KADİFEKALE,90.451346,90.627083,2026-07-22,21.000000,Gradient Boosting,90.044029,0.583054
2026-05-20,2.000000,YENİŞEHİR,89.171251,89.416424,2026-06-10,21.000000,XGBoost,89.679459,-0.263034
2026-06-10,2.000000,YENİŞEHİR,89.416424,89.532934,2026-06-24,14.000000,XGBoost,89.252037,0.280897
2026-06-24,2.000000,YENİŞEHİR,89.532934,89.481268,2026-07-08,14.000000,XGBoost,89.285225,0.196043
2026-07-08,2.000000,YENİŞEHİR,89.481268,89.630209,2026-07-29,21.000000,XGBoost,89.309517,0.320692
2026-05-20,3.000000,KONAK,88.916794,89.344710,2026-06-10,21.000000,XGBoost,89.764999,-0.420289
2026-06-10,3.000000,KONAK,89.344710,89.501654,2026-06-24,14.000000,XGBoost,89.145096,0.356558
2026-06-24,3.000000,KONAK,89.501654,89.434766,2026-07-08,14.000000,XGBoost,89.163033,0.271734
2026-07-08,3.000000,KONAK,89.434766,89.614325,2026-07-29,21.000000,XGBoost,89.338356,0.275969
2026-05-20,4.000000,GÜZELBAHÇE,89.607465,89.803805,2026-06-10,21.000000,XGBoost,89.708488,0.095316
2026-06-10,4.000000,GÜZELBAHÇE,89.803805,89.682425,2026-06-24,14.000000,XGBoost,89.505440,0.176985
2026-06-24,4.000000,GÜZELBAHÇE,89.682425,89.862392,2026-07-08,14.000000,XGBoost,89.711899,0.150493
2026-07-08,4.000000,GÜZELBAHÇE,89.862392,89.786163,2026-07-29,21.000000,XGBoost,89.700302,0.085861
2026-05-20,5.000000,NARLIDERE,89.622811,89.835110,2026-06-10,21.000000,XGBoost,89.712746,0.122365
2026-06-10,5.000000,NARLIDERE,89.835110,89.669981,2026-06-24,14.000000,XGBoost,89.472397,0.197584
2026-06-24,5.000000,NARLIDERE,89.669981,89.913736,2026-07-08,14.000000,XGBoost,89.710945,0.202791
2026-07-08,5.000000,NARLIDERE,89.913736,89.807076,2026-07-29,21.000000,XGBoost,89.631882,0.175194
2026-05-20,6.000000,BALÇOVA,89.609173,89.781806,2026-06-10,21.000000,XGBoost,89.795845,-0.014039
2026-06-10,6.000000,BALÇOVA,89.781806,89.582532,2026-06-24,14.000000,XGBoost,89.574532,0.008000
2026-06-24,6.000000,BALÇOVA,89.582532,89.894872,2026-07-08,14.000000,XGBoost,89.689560,0.205312
2026-05-20,7.000000,ÜÇKUYULAR,89.609897,89.791530,2026-06-10,21.000000,XGBoost,89.753838,0.037692
2026-06-10,7.000000,ÜÇKUYULAR,89.791530,89.610459,2026-06-24,14.000000,XGBoost,89.533165,0.077294
2026-06-24,7.000000,ÜÇKUYULAR,89.610459,89.911785,2026-07-08,14.000000,XGBoost,89.651886,0.259899
2026-07-08,7.000000,ÜÇKUYULAR,89.911785,89.819160,2026-07-29,21.000000,XGBoost,89.657234,0.161926
2026-05-20,8.000000,GÜZELYALI,89.599758,89.779916,2026-06-10,21.000000,XGBoost,89.888199,-0.108283
2026-06-10,8.000000,GÜZELYALI,89.779916,89.672145,2026-06-24,14.000000,XGBoost,89.602264,0.069881
2026-06-24,8.000000,GÜZELYALI,89.672145,89.900279,2026-07-08,14.000000,XGBoost,89.712349,0.187930
2026-07-08,8.000000,GÜZELYALI,89.900279,89.800038,2026-07-29,21.000000,XGBoost,89.766632,0.033406
2026-05-20,9.000000,HATAY,89.931407,90.501942,2026-06-10,21.000000,XGBoost,90.002060,0.499882
2026-06-10,9.000000,HATAY,90.501942,90.032400,2026-06-24,14.000000,XGBoost,89.874985,0.157415
2026-06-24,9.000000,HATAY,90.032400,90.219082,2026-07-08,14.000000,XGBoost,89.954803,0.264278
2026-05-20,11.000000,YEŞİLYURT,89.931889,90.514492,2026-06-10,21.000000,XGBoost,90.228088,0.286404
2026-06-10,11.000000,YEŞİLYURT,90.514492,90.028834,2026-06-24,14.000000,XGBoost,89.943153,0.085681
2026-06-24,11.000000,YEŞİLYURT,90.028834,90.207656,2026-07-08,14.000000,XGBoost,89.879662,0.327994
2026-05-20,13.000000,KARABAĞLAR,89.926412,90.516418,2026-06-10,21.000000,XGBoost,90.249573,0.266845
2026-06-10,13.000000,KARABAĞLAR,90.516418,90.023598,2026-06-24,14.000000,XGBoost,90.013542,0.010055
2026-06-24,13.000000,KARABAĞLAR,90.023598,90.204064,2026-07-08,14.000000,XGBoost,90.030090,0.173973
2026-05-20,14.000000,ESKİ İZMİR,89.945390,90.506369,2026-06-10,21.000000,XGBoost,90.271111,0.235259
2026-06-10,14.000000,ESKİ İZMİR,90.506369,90.025689,2026-06-24,14.000000,XGBoost,90.061310,-0.035621
2026-06-24,14.000000,ESKİ İZMİR,90.025689,90.222125,2026-07-08,14.000000,XGBoost,89.985138,0.236987
2026-07-08,14.000000,ESKİ İZMİR,90.222125,90.196727,2026-07-29,21.000000,XGBoost,89.790138,0.406589
2026-05-20,15.000000,GAZİEMİR,89.928478,90.501369,2026-06-10,21.000000,XGBoost,90.248352,0.253017
2026-06-10,15.000000,GAZİEMİR,90.501369,90.038934,2026-06-24,14.000000,XGBoost,90.056343,-0.017409
2026-06-24,15.000000,GAZİEMİR,90.038934,90.241629,2026-07-08,14.000000,XGBoost,90.017799,0.223829
2026-07-08,15.000000,GAZİEMİR,90.241629,90.191809,2026-07-29,21.000000,XGBoost,89.792000,0.399809
2026-05-20,16.000000,GEDİZ,88.642344,90.442743,2026-06-10,21.000000,XGBoost,89.754410,0.688333
2026-06-10,16.000000,GEDİZ,90.442743,90.397690,2026-06-24,14.000000,XGBoost,89.812691,0.585000
2026-06-24,16.000000,GEDİZ,90.397690,90.424392,2026-07-08,14.000000,XGBoost,90.042992,0.381400
2026-07-08,16.000000,GEDİZ,90.424392,90.298275,2026-07-29,21.000000,XGBoost,89.802200,0.496075
2026-05-20,17.000000,ŞİRİNYER,88.722518,90.463307,2026-06-10,21.000000,XGBoost,89.728554,0.734753
2026-06-10,17.000000,ŞİRİNYER,90.463307,90.395705,2026-06-24,14.000000,XGBoost,89.863907,0.531798
2026-06-24,17.000000,ŞİRİNYER,90.395705,90.448692,2026-07-08,14.000000,XGBoost,90.010750,0.437943
2026-07-08,17.000000,ŞİRİNYER,90.448692,90.313001,2026-07-29,21.000000,XGBoost,89.750427,0.562574
2026-05-20,18.000000,BUCA,88.740093,90.440112,2026-06-10,21.000000,XGBoost,89.718452,0.721659
2026-06-10,18.000000,BUCA,90.440112,90.417150,2026-06-24,14.000000,XGBoost,89.840431,0.576718
2026-06-24,18.000000,BUCA,90.417150,90.441345,2026-07-08,14.000000,XGBoost,90.021172,0.420173
2026-05-20,19.000000,GÜLÇEŞME,88.669766,90.442406,2026-06-10,21.000000,XGBoost,89.564911,0.877495
2026-06-10,19.000000,GÜLÇEŞME,90.442406,90.407802,2026-06-24,14.000000,XGBoost,90.045479,0.362323
2026-06-24,19.000000,GÜLÇEŞME,90.407802,90.443230,2026-07-08,14.000000,XGBoost,90.205170,0.238060
2026-07-08,19.000000,GÜLÇEŞME,90.443230,90.319854,2026-07-29,21.000000,XGBoost,89.878769,0.441085
2026-05-20,20.000000,GÜLTEPE,88.562435,89.468806,2026-06-10,21.000000,XGBoost,89.496994,-0.028188
2026-06-10,20.000000,GÜLTEPE,89.468806,89.265996,2026-06-24,14.000000,XGBoost,89.405800,-0.139804
2026-06-24,20.000000,GÜLTEPE,89.265996,90.444880,2026-07-08,14.000000,XGBoost,89.434959,1.009920
2026-07-08,20.000000,GÜLTEPE,90.444880,90.037716,2026-07-29,21.000000,XGBoost,89.949966,0.087749
2026-05-20,21.000000,ALTINDAĞ,90.143620,90.477106,2026-06-10,21.000000,XGBoost,89.875641,0.601465
2026-06-10,21.000000,ALTINDAĞ,90.477106,90.376517,2026-06-24,14.000000,XGBoost,89.861969,0.514548
2026-06-24,21.000000,ALTINDAĞ,90.376517,90.053871,2026-07-08,14.000000,XGBoost,89.894020,0.159851
2026-07-08,21.000000,ALTINDAĞ,90.053871,90.286260,2026-07-29,21.000000,XGBoost,89.468887,0.817373
2026-05-20,22.000000,ÇAMDİBİ,90.154959,90.478890,2026-06-10,21.000000,XGBoost,89.926384,0.552506
2026-06-10,22.000000,ÇAMDİBİ,90.478890,90.290197,2026-06-24,14.000000,XGBoost,89.776581,0.513616
2026-06-24,22.000000,ÇAMDİBİ,90.290197,90.025515,2026-07-08,14.000000,XGBoost,89.866829,0.158686
2026-07-08,22.000000,ÇAMDİBİ,90.025515,90.114344,2026-07-29,21.000000,XGBoost,89.467781,0.646563
2026-05-20,23.000000,IŞIKKENT,90.153745,90.469253,2026-06-10,21.000000,XGBoost,89.933823,0.535430
2026-06-10,23.000000,IŞIKKENT,90.469253,90.283286,2026-06-24,14.000000,XGBoost,89.924141,0.359145
2026-06-24,23.000000,IŞIKKENT,90.283286,89.984217,2026-07-08,14.000000,XGBoost,89.962029,0.022188
2026-07-08,23.000000,IŞIKKENT,89.984217,90.293613,2026-07-29,21.000000,XGBoost,89.449165,0.844447
2026-05-20,24.000000,PINARBAŞI,90.127186,90.418798,2026-06-10,21.000000,XGBoost,89.896347,0.522451
2026-06-10,24.000000,PINARBAŞI,90.418798,90.299425,2026-06-24,14.000000,XGBoost,89.889755,0.409669
2026-06-24,24.000000,PINARBAŞI,90.299425,90.063102,2026-07-08,14.000000,XGBoost,89.910614,0.152488
2026-05-20,25.000000,EVKA-3,90.141286,90.219872,2026-06-10,21.000000,XGBoost,89.627632,0.592240
2026-06-10,25.000000,EVKA-3,90.219872,90.382894,2026-06-24,14.000000,XGBoost,89.670311,0.712583
2026-06-24,25.000000,EVKA-3,90.382894,89.940551,2026-07-08,14.000000,XGBoost,89.906860,0.033691
2026-07-08,25.000000,EVKA-3,89.940551,90.273312,2026-07-29,21.000000,XGBoost,89.531075,0.742237
2026-05-20,26.000000,BORNOVA,90.158683,90.243283,2026-06-10,21.000000,XGBoost,89.706123,0.537160
2026-06-10,26.000000,BORNOVA,90.243283,90.406226,2026-06-24,14.000000,XGBoost,89.748596,0.657630
2026-06-24,26.000000,BORNOVA,90.406226,90.065401,2026-07-08,14.000000,XGBoost,89.942665,0.122736
2026-07-08,26.000000,BORNOVA,90.065401,90.286403,2026-07-29,21.000000,XGBoost,89.638275,0.648128
2026-05-20,27.000000,ATATÜRK MAH,90.124933,89.395165,2026-06-10,21.000000,XGBoost,90.057060,-0.661895
2026-06-10,27.000000,ATATÜRK MAH,89.395165,89.586334,2026-06-24,14.000000,XGBoost,89.040604,0.545730
2026-06-24,27.000000,ATATÜRK MAH,89.586334,90.101601,2026-07-08,14.000000,XGBoost,89.254601,0.847001
2026-07-08,27.000000,ATATÜRK MAH,90.101601,89.488579,2026-07-29,21.000000,XGBoost,89.516304,-0.027725
2026-05-20,28.000000,OSMANGAZİ,90.154709,89.419043,2026-06-10,21.000000,XGBoost,89.675560,-0.256517
2026-06-10,28.000000,OSMANGAZİ,89.419043,89.558425,2026-06-24,14.000000,XGBoost,88.978249,0.580176
2026-06-24,28.000000,OSMANGAZİ,89.558425,89.570017,2026-07-08,14.000000,XGBoost,89.354828,0.215189
2026-07-08,28.000000,OSMANGAZİ,89.570017,89.499949,2026-07-29,21.000000,XGBoost,89.009438,0.490511
2026-05-20,29.000000,ÖZKANLAR,90.149269,89.412169,2026-06-10,21.000000,XGBoost,89.695129,-0.282960
2026-06-10,29.000000,ÖZKANLAR,89.412169,89.556976,2026-06-24,14.000000,XGBoost,89.070969,0.486007
2026-06-24,29.000000,ÖZKANLAR,89.556976,89.107580,2026-07-08,14.000000,XGBoost,89.383255,-0.275675
2026-07-08,29.000000,ÖZKANLAR,89.107580,89.591852,2026-07-29,21.000000,XGBoost,89.280312,0.311541
2026-05-20,30.000000,MANAVKUYU,90.149821,89.323244,2026-06-10,21.000000,XGBoost,90.015594,-0.692350
2026-06-10,30.000000,MANAVKUYU,89.323244,89.506124,2026-06-24,14.000000,XGBoost,89.318230,0.187894
2026-06-24,30.000000,MANAVKUYU,89.506124,88.664931,2026-07-08,14.000000,XGBoost,89.235573,-0.570642
2026-07-08,30.000000,MANAVKUYU,88.664931,89.485632,2026-07-29,21.000000,XGBoost,89.297607,0.188025
2026-05-20,32.000000,EGEKENT,88.861258,88.997606,2026-06-10,21.000000,XGBoost,89.327469,-0.329863
2026-06-10,32.000000,EGEKENT,88.997606,89.066391,2026-06-24,14.000000,XGBoost,89.335266,-0.268875
2026-06-24,32.000000,EGEKENT,89.066391,89.056502,2026-07-08,14.000000,XGBoost,89.690643,-0.634141
2026-07-08,32.000000,EGEKENT,89.056502,89.315416,2026-07-29,21.000000,XGBoost,89.448799,-0.133383
2026-05-20,33.000000,BALATÇIK,88.842834,89.050214,2026-06-10,21.000000,XGBoost,89.323463,-0.273249
2026-06-10,33.000000,BALATÇIK,89.050214,89.057845,2026-06-24,14.000000,XGBoost,89.357964,-0.300119
2026-06-24,33.000000,BALATÇIK,89.057845,89.114467,2026-07-08,14.000000,XGBoost,89.502937,-0.388470
2026-07-08,33.000000,BALATÇIK,89.114467,89.297267,2026-07-29,21.000000,XGBoost,89.470779,-0.173512
2026-05-20,34.000000,ÇİĞLİ,88.864846,89.424137,2026-06-10,21.000000,XGBoost,89.308014,0.116123
2026-06-10,34.000000,ÇİĞLİ,89.424137,89.540205,2026-06-24,14.000000,XGBoost,89.435112,0.105093
2026-06-24,34.000000,ÇİĞLİ,89.540205,89.009229,2026-07-08,14.000000,XGBoost,89.266655,-0.257426
2026-07-08,34.000000,ÇİĞLİ,89.009229,89.493153,2026-07-29,21.000000,XGBoost,89.300713,0.192441
2026-05-20,35.000000,BOSTANLI,89.302504,89.293782,2026-06-10,21.000000,XGBoost,89.211128,0.082654
2026-06-10,35.000000,BOSTANLI,89.293782,89.524071,2026-06-24,14.000000,XGBoost,89.191628,0.332443
2026-06-24,35.000000,BOSTANLI,89.524071,89.502685,2026-07-08,14.000000,XGBoost,89.462151,0.040535
2026-07-08,35.000000,BOSTANLI,89.502685,89.510151,2026-07-29,21.000000,XGBoost,89.244392,0.265759
2026-05-20,36.000000,ŞEMİKLER,89.309022,89.499476,2026-06-10,21.000000,XGBoost,89.445679,0.053797
2026-06-10,36.000000,ŞEMİKLER,89.499476,89.648444,2026-06-24,14.000000,XGBoost,89.050774,0.597670
2026-06-24,36.000000,ŞEMİKLER,89.648444,89.456349,2026-07-08,14.000000,XGBoost,89.374260,0.082089
2026-05-20,37.000000,KARŞIYAKA,89.273294,89.505199,2026-06-10,21.000000,XGBoost,89.547821,-0.042622
2026-06-10,37.000000,KARŞIYAKA,89.505199,89.457424,2026-06-24,14.000000,XGBoost,89.128204,0.329220
2026-06-24,37.000000,KARŞIYAKA,89.457424,89.465697,2026-07-08,14.000000,XGBoost,89.278023,0.187674
2026-05-20,38.000000,EVKA-2,89.293664,89.496360,2026-06-10,21.000000,XGBoost,89.432892,0.063468
2026-06-10,38.000000,EVKA-2,89.496360,89.561680,2026-06-24,14.000000,XGBoost,89.105904,0.455776
2026-06-24,38.000000,EVKA-2,89.561680,89.491606,2026-07-08,14.000000,XGBoost,89.375862,0.115744
2026-07-08,38.000000,EVKA-2,89.491606,89.468740,2026-07-29,21.000000,XGBoost,89.228951,0.239790
2026-05-20,39.000000,ÖRNEKKÖY,89.332656,89.454102,2026-06-10,21.000000,XGBoost,89.220734,0.233369
2026-06-10,39.000000,ÖRNEKKÖY,89.454102,89.628032,2026-06-24,14.000000,XGBoost,88.772316,0.855716
2026-06-24,39.000000,ÖRNEKKÖY,89.628032,89.494766,2026-07-08,14.000000,XGBoost,89.444656,0.050109
2026-07-08,39.000000,ÖRNEKKÖY,89.494766,89.454838,2026-07-29,21.000000,XGBoost,89.216759,0.238079
2026-05-20,40.000000,GÜMÜŞPALA,89.307299,89.464148,2026-06-10,21.000000,XGBoost,89.483253,-0.019105
2026-06-10,40.000000,GÜMÜŞPALA,89.464148,89.415235,2026-06-24,14.000000,XGBoost,88.976379,0.438856
2026-06-24,40.000000,GÜMÜŞPALA,89.415235,89.483664,2026-07-08,14.000000,XGBoost,89.180099,0.303564
2026-07-08,40.000000,GÜMÜŞPALA,89.483664,89.218378,2026-07-29,21.000000,XGBoost,89.274895,-0.056517
2026-06-04,41.000000,DOĞANÇAY,89.058864,89.362006,2026-06-17,13.000000,XGBoost,89.113075,0.248931
2026-06-17,41.000000,DOĞANÇAY,89.362006,89.415040,2026-07-01,14.000000,XGBoost,89.363518,0.051523
2026-07-01,41.000000,DOĞANÇAY,89.415040,89.329287,2026-07-22,21.000000,XGBoost,89.171326,0.157961
2026-06-04,42.000000,YAMANLAR,89.075125,89.363758,2026-06-17,13.000000,XGBoost,89.280273,0.083484
2026-06-17,42.000000,YAMANLAR,89.363758,89.386642,2026-07-01,14.000000,XGBoost,89.377556,0.009086
2026-07-01,42.000000,YAMANLAR,89.386642,89.437806,2026-07-22,21.000000,XGBoost,89.197601,0.240205
2026-06-04,43.000000,POSTACI MAH,89.073014,89.377027,2026-06-17,13.000000,XGBoost,89.257881,0.119146
2026-06-17,43.000000,POSTACI MAH,89.377027,89.181770,2026-07-01,14.000000,XGBoost,89.446434,-0.264664
2026-07-01,43.000000,POSTACI MAH,89.181770,89.324150,2026-07-22,21.000000,XGBoost,89.237915,0.086235
2026-06-04,44.000000,YAMAÇ MAH,89.086614,89.518952,2026-06-17,13.000000,XGBoost,89.277496,0.241455
2026-06-17,44.000000,YAMAÇ MAH,89.518952,89.393585,2026-07-01,14.000000,XGBoost,89.378990,0.014595
2026-07-01,44.000000,YAMAÇ MAH,89.393585,89.438888,2026-07-22,21.000000,XGBoost,89.243927,0.194961
2026-06-04,45.000000,CUMHURİYET MAH,89.082872,89.351989,2026-06-17,13.000000,XGBoost,89.308884,0.043106
2026-06-17,45.000000,CUMHURİYET MAH,89.351989,89.397496,2026-07-01,14.000000,XGBoost,89.420586,-0.023089
2026-06-04,46.000000,GÜZELTEPE,89.064494,89.360344,2026-06-17,13.000000,XGBoost,89.224457,0.135887
2026-06-17,46.000000,GÜZELTEPE,89.360344,89.407684,2026-07-01,14.000000,XGBoost,89.406052,0.001632
2026-07-01,46.000000,GÜZELTEPE,89.407684,89.194344,2026-07-22,21.000000,XGBoost,89.153969,0.040376
2026-06-04,47.000000,EVKA-5,88.902479,88.990538,2026-06-17,13.000000,XGBoost,89.404251,-0.413713
2026-06-17,47.000000,EVKA-5,88.990538,89.111454,2026-07-01,14.000000,XGBoost,89.563606,-0.452153
2026-07-01,47.000000,EVKA-5,89.111454,89.201736,2026-07-22,21.000000,XGBoost,89.477142,-0.275406
2026-06-04,48.000000,EGEKENT-2,89.082733,88.964341,2026-06-17,13.000000,XGBoost,89.332603,-0.368262
2026-06-17,48.000000,EGEKENT-2,88.964341,89.141099,2026-07-01,14.000000,XGBoost,89.504585,-0.363487
2026-07-01,48.000000,EGEKENT-2,89.141099,89.213357,2026-07-22,21.000000,XGBoost,89.416916,-0.203559
2026-06-04,49.000000,ALAYBEY,89.054520,89.359409,2026-06-17,13.000000,XGBoost,89.342827,0.016582
2026-06-17,49.000000,ALAYBEY,89.359409,89.375398,2026-07-01,14.000000,XGBoost,89.483162,-0.107764
2026-06-04,50.000000,CENGİZHAN,89.039203,89.409519,2026-06-17,13.000000,XGBoost,89.306816,0.102702
2026-06-17,50.000000,CENGİZHAN,89.409519,89.391891,2026-07-01,14.000000,XGBoost,89.436913,-0.045022
2026-06-04,51.000000,ÇAY MAH,89.072115,89.260812,2026-06-17,13.000000,XGBoost,89.335892,-0.075080
2026-06-17,51.000000,ÇAY MAH,89.260812,89.376194,2026-07-01,14.000000,XGBoost,89.492569,-0.116375
2026-07-01,51.000000,ÇAY MAH,89.376194,89.322847,2026-07-22,21.000000,XGBoost,89.398155,-0.075309
2026-06-04,52.000000,İZYUVA,90.442600,90.429173,2026-06-17,13.000000,XGBoost,89.837051,0.592121
2026-06-17,52.000000,İZYUVA,90.429173,90.025752,2026-07-01,14.000000,XGBoost,89.831871,0.193881
2026-07-01,52.000000,İZYUVA,90.025752,90.298684,2026-07-22,21.000000,XGBoost,89.540878,0.757806
2026-06-04,53.000000,NALDÖKEN,90.440480,90.328245,2026-06-17,13.000000,XGBoost,89.828667,0.499578
2026-06-17,53.000000,NALDÖKEN,90.328245,90.021296,2026-07-01,14.000000,XGBoost,89.760345,0.260951
2026-06-04,54.000000,YEŞİLÇAM,90.271522,90.434984,2026-06-17,13.000000,XGBoost,89.895462,0.539522
2026-06-17,54.000000,YEŞİLÇAM,90.434984,90.319239,2026-07-01,14.000000,XGBoost,89.879883,0.439356
2026-07-01,54.000000,YEŞİLÇAM,90.319239,90.323842,2026-07-22,21.000000,XGBoost,89.710426,0.613415
2026-06-04,55.000000,MEVLANA,90.447434,90.436916,2026-06-17,13.000000,XGBoost,89.830612,0.606304
2026-06-17,55.000000,MEVLANA,90.436916,90.022892,2026-07-01,14.000000,XGBoost,89.902786,0.120105
2026-07-01,55.000000,MEVLANA,90.022892,90.203919,2026-07-22,21.000000,XGBoost,89.581566,0.622354
2026-06-04,56.000000,YEŞİLOVA,90.438316,90.440337,2026-06-17,13.000000,XGBoost,89.922562,0.517775
2026-06-17,56.000000,YEŞİLOVA,90.440337,90.059599,2026-07-01,14.000000,XGBoost,89.867561,0.192037
2026-06-04,57.000000,MERSİNLİ,90.440376,90.433964,2026-06-17,13.000000,XGBoost,89.897926,0.536038
2026-06-17,57.000000,MERSİNLİ,90.433964,90.047468,2026-07-01,14.000000,XGBoost,89.867897,0.179571
2026-07-01,57.000000,MERSİNLİ,90.047468,89.328785,2026-07-22,21.000000,XGBoost,89.464378,-0.135593
2026-06-04,59.000000,ÇANKAYA,89.245281,88.832177,2026-06-17,13.000000,XGBoost,89.388435,-0.556259
2026-06-17,59.000000,ÇANKAYA,88.832177,89.561406,2026-07-01,14.000000,XGBoost,89.730705,-0.169300
2026-07-01,59.000000,ÇANKAYA,89.561406,89.354005,2026-07-22,21.000000,XGBoost,89.340210,0.013795
2026-06-04,60.000000,TOROS,89.344212,89.193993,2026-06-17,13.000000,XGBoost,89.461182,-0.267189
2026-06-17,60.000000,TOROS,89.193993,88.824011,2026-07-01,14.000000,XGBoost,89.670853,-0.846841
2026-07-01,60.000000,TOROS,88.824011,89.081441,2026-07-22,21.000000,XGBoost,89.565674,-0.484233
2026-06-04,61.000000,LEVENT,89.360412,89.312980,2026-06-17,13.000000,XGBoost,89.415733,-0.102753
2026-06-17,61.000000,LEVENT,89.312980,88.669362,2026-07-01,14.000000,XGBoost,89.633415,-0.964053
2026-06-04,62.000000,UFUK MAH,89.281626,89.125498,2026-06-17,13.000000,XGBoost,89.440392,-0.314893
2026-06-17,62.000000,UFUK MAH,89.125498,88.731345,2026-07-01,14.000000,XGBoost,89.762428,-1.031084
2026-07-01,62.000000,UFUK MAH,88.731345,89.115137,2026-07-22,21.000000,XGBoost,89.613953,-0.498815
2026-06-04,63.000000,EVKA-1,89.378074,90.477154,2026-06-17,13.000000,XGBoost,89.826088,0.651066
2026-06-17,63.000000,EVKA-1,90.477154,90.343535,2026-07-01,14.000000,XGBoost,89.913116,0.430419
2026-06-04,64.000000,ADATEPE,89.437635,90.484387,2026-06-17,13.000000,XGBoost,89.780533,0.703854
2026-06-17,64.000000,ADATEPE,90.484387,90.369527,2026-07-01,14.000000,XGBoost,89.946762,0.422765
2026-06-04,65.000000,KURUÇEŞME,89.436478,90.501164,2026-06-17,13.000000,XGBoost,89.837616,0.663548
2026-06-17,65.000000,KURUÇEŞME,90.501164,90.390285,2026-07-01,14.000000,XGBoost,89.925026,0.465259
2026-06-04,66.000000,KOZAĞAÇ,89.465241,90.478168,2026-06-17,13.000000,XGBoost,89.915741,0.562427
2026-06-17,66.000000,KOZAĞAÇ,90.478168,90.455477,2026-07-01,14.000000,XGBoost,89.943069,0.512407
2026-06-04,67.000000,ÇAMLIKULE,89.407644,90.482684,2026-06-17,13.000000,XGBoost,89.778900,0.703784
2026-06-17,67.000000,ÇAMLIKULE,90.482684,90.352991,2026-07-01,14.000000,XGBoost,89.927376,0.425615
2026-07-01,67.000000,ÇAMLIKULE,90.352991,90.588871,2026-07-22,21.000000,XGBoost,89.911125,0.677745
2026-06-04,68.000000,AKINCILAR,90.285488,90.492200,2026-06-17,13.000000,XGBoost,90.148743,0.343457
2026-06-17,68.000000,AKINCILAR,90.492200,90.358418,2026-07-01,14.000000,XGBoost,89.875000,0.483418
2026-06-04,69.000000,UĞUR MUMCU MAH,90.067977,90.184638,2026-06-17,13.000000,XGBoost,90.035141,0.149497
2026-06-17,69.000000,UĞUR MUMCU MAH,90.184638,90.018328,2026-07-01,14.000000,XGBoost,90.053131,-0.034803
2026-06-04,70.000000,ÇAMLIK MAH,90.396654,90.191624,2026-06-17,13.000000,XGBoost,90.070152,0.121472
2026-06-17,70.000000,ÇAMLIK MAH,90.191624,90.159806,2026-07-01,14.000000,XGBoost,90.102715,0.057092
2026-07-01,70.000000,ÇAMLIK MAH,90.159806,90.609129,2026-07-22,21.000000,XGBoost,89.887436,0.721693
2026-06-04,71.000000,AKTEPE,90.400606,90.181423,2026-06-17,13.000000,XGBoost,90.134331,0.047092
2026-06-17,71.000000,AKTEPE,90.181423,90.161013,2026-07-01,14.000000,XGBoost,90.101379,0.059634
2026-06-04,72.000000,9 EYLÜL MAH,90.399705,90.198095,2026-06-17,13.000000,XGBoost,90.107948,0.090147
2026-06-17,72.000000,9 EYLÜL MAH,90.198095,90.059552,2026-07-01,14.000000,XGBoost,90.068565,-0.009014
2026-07-01,72.000000,9 EYLÜL MAH,90.059552,90.249856,2026-07-22,21.000000,XGBoost,89.864998,0.384858
2026-06-04,73.000000,BEYAZEVLER,90.405535,90.195374,2026-06-17,13.000000,XGBoost,90.075516,0.119858
2026-06-17,73.000000,BEYAZEVLER,90.195374,90.147701,2026-07-01,14.000000,XGBoost,90.087135,0.060566
2026-07-01,73.000000,BEYAZEVLER,90.147701,90.247107,2026-07-22,21.000000,XGBoost,89.747849,0.499259
2026-06-04,74.000000,UZUNDERE,90.305774,90.175820,2026-06-17,13.000000,XGBoost,90.042801,0.133019
2026-06-17,74.000000,UZUNDERE,90.175820,90.372471,2026-07-01,14.000000,XGBoost,90.207878,0.164593
2026-06-04,75.000000,CENNETÇEŞME,90.310137,90.184487,2026-06-17,13.000000,XGBoost,90.031677,0.152810
2026-06-17,75.000000,CENNETÇEŞME,90.184487,90.410725,2026-07-01,14.000000,XGBoost,90.048409,0.362316
2026-07-01,75.000000,CENNETÇEŞME,90.410725,90.250829,2026-07-22,21.000000,XGBoost,89.887749,0.363080
2026-06-04,76.000000,GÜZELBAHÇE,89.637776,89.749034,2026-06-17,13.000000,XGBoost,89.486458,0.262576
2026-06-17,76.000000,GÜZELBAHÇE,89.749034,89.611917,2026-07-01,14.000000,XGBoost,89.371269,0.240648
2026-06-04,78.000000,İNCİRALTI,89.657211,89.744064,2026-06-17,13.000000,XGBoost,89.543785,0.200278
2026-06-17,78.000000,İNCİRALTI,89.744064,89.718473,2026-07-01,14.000000,XGBoost,89.450859,0.267614
2026-07-01,78.000000,İNCİRALTI,89.718473,89.776903,2026-07-22,21.000000,XGBoost,89.589561,0.187341
2026-06-04,79.000000,ESENDERE,90.297540,90.175510,2026-06-17,13.000000,XGBoost,89.711388,0.464123
2026-06-17,79.000000,ESENDERE,90.175510,90.386467,2026-07-01,14.000000,XGBoost,89.881462,0.505005
2026-06-04,80.000000,KADİFEKALE,89.925420,90.316613,2026-06-17,13.000000,XGBoost,89.489761,0.826852
2026-06-17,80.000000,KADİFEKALE,90.316613,90.451346,2026-07-01,14.000000,XGBoost,89.509239,0.942107
2026-07-01,80.000000,KADİFEKALE,90.451346,90.627083,2026-07-22,21.000000,XGBoost,89.738144,0.888939
