Split,Model,Status,Rows,Accuracy,BalancedAccuracy,MacroPrecision,MacroRecall,MacroF1,WeightedF1,MCC,DropRecall,RiseRecall,DropTruePositives,DropFalseNegatives,DropSupport,RiseTruePositives,RiseFalseNegatives,RiseSupport,ClassesPresent
Train,Extra Trees,OK,1063,0.928504,0.948307,0.846282,0.948307,0.876931,0.935121,0.883252,0.927565,0.917355,461,36,497,444,40,484,"Drop, Stable, Rise"
Validation,Extra Trees,OK,184,0.538043,0.405422,0.381283,0.405422,0.392857,0.521545,0.200164,0.650000,0.566265,52,28,80,47,36,83,"Drop, Stable, Rise"
Test,Extra Trees,OK,234,0.602564,0.502539,0.505556,0.502539,0.468865,0.574619,0.373779,0.865854,0.586207,71,11,82,68,48,116,"Drop, Stable, Rise"
Train,Gradient Boosting,OK,1063,0.918156,0.940821,0.861133,0.940821,0.891183,0.920117,0.860823,0.917505,0.904959,456,41,497,438,46,484,"Drop, Stable, Rise"
Validation,Gradient Boosting,OK,184,0.532609,0.424517,0.423124,0.424517,0.423323,0.527615,0.204126,0.600000,0.578313,48,32,80,48,35,83,"Drop, Stable, Rise"
Test,Gradient Boosting,OK,234,0.551282,0.466436,0.465802,0.466436,0.422712,0.523635,0.324964,0.914634,0.456897,75,7,82,53,63,116,"Drop, Stable, Rise"
Train,Random Forest,OK,1063,0.973659,0.981041,0.941741,0.981041,0.959413,0.974030,0.954378,0.963783,0.979339,479,18,497,474,10,484,"Drop, Stable, Rise"
Validation,Random Forest,OK,184,0.625000,0.482289,0.505608,0.482289,0.469819,0.597962,0.340163,0.712500,0.686747,57,23,80,57,26,83,"Drop, Stable, Rise"
Test,Random Forest,OK,234,0.589744,0.487104,0.443416,0.487104,0.427508,0.545268,0.382440,0.926829,0.534483,76,6,82,62,54,116,"Drop, Stable, Rise"
Train,SVM,OK,1063,0.812794,0.844095,0.737000,0.844095,0.749747,0.829384,0.705427,0.843058,0.762397,419,78,497,369,115,484,"Drop, Stable, Rise"
Validation,SVM,OK,184,0.402174,0.350189,0.376169,0.350189,0.352831,0.427950,0.062374,0.462500,0.397590,37,43,80,33,50,83,"Drop, Stable, Rise"
Test,SVM,OK,234,0.448718,0.381740,0.402895,0.381740,0.388234,0.469816,0.137230,0.426829,0.551724,35,47,82,64,52,116,"Drop, Stable, Rise"
Train,KNN,OK,1063,1.000000,1.000000,1.000000,1.000000,1.000000,1.000000,1.000000,1.000000,1.000000,497,0,497,484,0,484,"Drop, Stable, Rise"
Validation,KNN,OK,184,0.472826,0.367128,0.366938,0.367128,0.367020,0.472630,0.113060,0.487500,0.566265,39,41,80,47,36,83,"Drop, Stable, Rise"
Test,KNN,OK,234,0.534188,0.436735,0.428112,0.436735,0.429965,0.528714,0.233698,0.597561,0.629310,49,33,82,73,43,116,"Drop, Stable, Rise"
Train,XGBoost,OK,1063,0.997178,0.997988,0.991376,0.997988,0.994631,0.997185,0.995051,0.993964,1.000000,494,3,497,484,0,484,"Drop, Stable, Rise"
Validation,XGBoost,OK,184,0.586957,0.441416,0.399236,0.441416,0.418668,0.556301,0.269503,0.637500,0.686747,51,29,80,57,26,83,"Drop, Stable, Rise"
Test,XGBoost,OK,234,0.581197,0.480165,0.444613,0.480165,0.425802,0.542432,0.364360,0.914634,0.525862,75,7,82,61,55,116,"Drop, Stable, Rise"
