Split,Model,Class,Precision,Recall,F1,Support
Train,Extra Trees,Drop,0.989270,0.927565,0.957425,497
Train,Extra Trees,Stable,0.569444,1.000000,0.725664,82
Train,Extra Trees,Rise,0.980132,0.917355,0.947705,484
Validation,Extra Trees,Drop,0.590909,0.650000,0.619048,80
Validation,Extra Trees,Stable,0.000000,0.000000,0.000000,21
Validation,Extra Trees,Rise,0.552941,0.566265,0.559524,83
Test,Extra Trees,Drop,0.507143,0.865854,0.639640,82
Test,Extra Trees,Stable,0.200000,0.055556,0.086957,36
Test,Extra Trees,Rise,0.809524,0.586207,0.680000,116
Train,Gradient Boosting,Drop,0.942149,0.917505,0.929664,497
Train,Gradient Boosting,Stable,0.689076,1.000000,0.815920,82
Train,Gradient Boosting,Rise,0.952174,0.904959,0.927966,484
Validation,Gradient Boosting,Drop,0.600000,0.600000,0.600000,80
Validation,Gradient Boosting,Stable,0.117647,0.095238,0.105263,21
Validation,Gradient Boosting,Rise,0.551724,0.578313,0.564706,83
Test,Gradient Boosting,Drop,0.487013,0.914634,0.635593,82
Test,Gradient Boosting,Stable,0.055556,0.027778,0.037037,36
Test,Gradient Boosting,Rise,0.854839,0.456897,0.595506,116
Train,Random Forest,Drop,0.991718,0.963783,0.977551,497
Train,Random Forest,Stable,0.854167,1.000000,0.921348,82
Train,Random Forest,Rise,0.979339,0.979339,0.979339,484
Validation,Random Forest,Drop,0.626374,0.712500,0.666667,80
Validation,Random Forest,Stable,0.250000,0.047619,0.080000,21
Validation,Random Forest,Rise,0.640449,0.686747,0.662791,83
Test,Random Forest,Drop,0.469136,0.926829,0.622951,82
Test,Random Forest,Stable,0.000000,0.000000,0.000000,36
Test,Random Forest,Rise,0.861111,0.534483,0.659574,116
Train,SVM,Drop,0.885835,0.843058,0.863918,497
Train,SVM,Stable,0.383838,0.926829,0.542857,82
Train,SVM,Rise,0.941327,0.762397,0.842466,484
Validation,SVM,Drop,0.627119,0.462500,0.532374,80
Validation,SVM,Stable,0.088889,0.190476,0.121212,21
Validation,SVM,Rise,0.412500,0.397590,0.404908,83
Test,SVM,Drop,0.460526,0.426829,0.443038,82
Test,SVM,Stable,0.101695,0.166667,0.126316,36
Test,SVM,Rise,0.646465,0.551724,0.595349,116
Train,KNN,Drop,1.000000,1.000000,1.000000,497
Train,KNN,Stable,1.000000,1.000000,1.000000,82
Train,KNN,Rise,1.000000,1.000000,1.000000,484
Validation,KNN,Drop,0.493671,0.487500,0.490566,80
Validation,KNN,Stable,0.047619,0.047619,0.047619,21
Validation,KNN,Rise,0.559524,0.566265,0.562874,83
Test,KNN,Drop,0.494949,0.597561,0.541436,82
Test,KNN,Stable,0.107143,0.083333,0.093750,36
Test,KNN,Rise,0.682243,0.629310,0.654709,116
Train,XGBoost,Drop,1.000000,0.993964,0.996973,497
Train,XGBoost,Stable,0.976190,1.000000,0.987952,82
Train,XGBoost,Rise,0.997938,1.000000,0.998968,484
Validation,XGBoost,Drop,0.621951,0.637500,0.629630,80
Validation,XGBoost,Stable,0.000000,0.000000,0.000000,21
Validation,XGBoost,Rise,0.575758,0.686747,0.626374,83
Test,XGBoost,Drop,0.474684,0.914634,0.625000,82
Test,XGBoost,Stable,0.000000,0.000000,0.000000,36
Test,XGBoost,Rise,0.859155,0.525862,0.652406,116
