Model,Fold,TrainRows,ValidationRows,Accuracy,BalancedAccuracy,MacroPrecision,MacroRecall,MacroF1,WeightedF1,MCC,DropRecall,RiseRecall,DropTruePositives,DropFalseNegatives,DropSupport,RiseTruePositives,RiseFalseNegatives,RiseSupport,ClassesPresent
Extra Trees,1,221,186,0.306452,0.266732,0.398995,0.266732,0.245455,0.304399,-0.181057,0.263158,0.481481,30,84,114,26,28,54,"Drop, Stable, Rise"
Extra Trees,2,407,219,0.657534,0.472819,0.455652,0.472819,0.448773,0.621894,0.389594,0.525253,0.893204,52,47,99,92,11,103,"Drop, Stable, Rise"
Extra Trees,3,626,217,0.695853,0.471933,0.499080,0.471933,0.458835,0.675851,0.448234,0.925234,0.490566,99,8,107,52,54,106,"Drop, Stable, Rise"
Extra Trees,4,843,220,0.718182,0.513012,0.477877,0.513012,0.494019,0.694970,0.472570,0.791209,0.747826,72,19,91,86,29,115,"Drop, Stable, Rise"
Gradient Boosting,1,221,186,0.446237,0.355750,0.347325,0.355750,0.336869,0.453715,0.056458,0.456140,0.555556,52,62,114,30,24,54,"Drop, Stable, Rise"
Gradient Boosting,2,407,219,0.589041,0.421921,0.423488,0.421921,0.387038,0.537646,0.280643,0.343434,0.922330,34,65,99,95,8,103,"Drop, Stable, Rise"
Gradient Boosting,3,626,217,0.691244,0.469024,0.505882,0.469024,0.471668,0.694595,0.438055,0.850467,0.556604,91,16,107,59,47,106,"Drop, Stable, Rise"
Gradient Boosting,4,843,220,0.672727,0.495764,0.497870,0.495764,0.496635,0.673608,0.407006,0.659341,0.756522,60,31,91,87,28,115,"Drop, Stable, Rise"
Random Forest,1,221,186,0.521505,0.374594,0.336601,0.374594,0.348229,0.509389,0.105878,0.605263,0.518519,69,45,114,28,26,54,"Drop, Stable, Rise"
Random Forest,2,407,219,0.621005,0.445883,0.435766,0.445883,0.419231,0.581472,0.327004,0.444444,0.893204,44,55,99,92,11,103,"Drop, Stable, Rise"
Random Forest,3,626,217,0.718894,0.487686,0.506335,0.487686,0.477722,0.703586,0.483279,0.915888,0.547170,98,9,107,58,48,106,"Drop, Stable, Rise"
Random Forest,4,843,220,0.731818,0.522472,0.486870,0.522472,0.503225,0.708300,0.498553,0.802198,0.765217,73,18,91,88,27,115,"Drop, Stable, Rise"
SVM,1,221,186,0.462366,0.299545,0.340025,0.299545,0.298370,0.441399,-0.098638,0.657895,0.185185,75,39,114,10,44,54,"Drop, Stable, Rise"
SVM,2,407,219,0.415525,0.305351,0.245915,0.305351,0.230841,0.315324,-0.112207,0.838384,0.077670,83,16,99,8,95,103,"Drop, Stable, Rise"
SVM,3,626,217,0.585253,0.396462,0.512331,0.396462,0.380797,0.561402,0.315025,0.925234,0.264151,99,8,107,28,78,106,"Drop, Stable, Rise"
SVM,4,843,220,0.645455,0.583692,0.544732,0.583692,0.555796,0.653886,0.382966,0.670330,0.652174,61,30,91,75,40,115,"Drop, Stable, Rise"
KNN,1,221,186,0.317204,0.301819,0.335784,0.301819,0.248943,0.291968,-0.105282,0.201754,0.648148,23,91,114,35,19,54,"Drop, Stable, Rise"
KNN,2,407,219,0.547945,0.396587,0.370728,0.396587,0.382536,0.528989,0.171747,0.636364,0.553398,63,36,99,57,46,103,"Drop, Stable, Rise"
KNN,3,626,217,0.534562,0.362899,0.357966,0.362899,0.359562,0.529526,0.089899,0.598131,0.490566,64,43,107,52,54,106,"Drop, Stable, Rise"
KNN,4,843,220,0.650000,0.461889,0.431511,0.461889,0.446047,0.629028,0.338845,0.681319,0.704348,62,29,91,81,34,115,"Drop, Stable, Rise"
XGBoost,1,221,186,0.451613,0.362573,0.329365,0.362573,0.316621,0.442260,0.075699,0.421053,0.666667,48,66,114,36,18,54,"Drop, Stable, Rise"
XGBoost,2,407,219,0.579909,0.415057,0.425281,0.415057,0.377424,0.524555,0.270782,0.313131,0.932039,31,68,99,96,7,103,"Drop, Stable, Rise"
XGBoost,3,626,217,0.686636,0.465644,0.503043,0.465644,0.457098,0.673358,0.440211,0.925234,0.471698,99,8,107,50,56,106,"Drop, Stable, Rise"
XGBoost,4,843,220,0.740909,0.523682,0.495421,0.523682,0.508796,0.717565,0.510281,0.736264,0.834783,67,24,91,96,19,115,"Drop, Stable, Rise"
