Experiment,EvaluationSet,Model,Class,Precision,Recall,F1,Support
VALIDATION_MIXED,MixedValidation,KNN,Good,0.895161,1.000000,0.944681,222
VALIDATION_MIXED,MixedValidation,KNN,Caution,0.989691,0.864865,0.923077,111
VALIDATION_MIXED,MixedValidation,KNN,Risk,1.000000,0.891892,0.942857,111
E2_AUGMENTED_TRAIN_REAL_TEST,RealTest,KNN,Good,1.000000,0.995726,0.997859,234
E2_AUGMENTED_TRAIN_REAL_TEST,RealTest,KNN,Caution,,,,0
E2_AUGMENTED_TRAIN_REAL_TEST,RealTest,KNN,Risk,,,,0
E3B_AUGMENTED_TRAIN_SYNTHETIC_TEST,SyntheticTest,KNN,Good,,,,0
E3B_AUGMENTED_TRAIN_SYNTHETIC_TEST,SyntheticTest,KNN,Caution,0.957447,0.769231,0.853081,117
E3B_AUGMENTED_TRAIN_SYNTHETIC_TEST,SyntheticTest,KNN,Risk,1.000000,0.837607,0.911628,117
E3_AUGMENTED_TRAIN_MIXED_TEST,MixedTest,KNN,Good,0.847273,0.995726,0.915521,234
E3_AUGMENTED_TRAIN_MIXED_TEST,MixedTest,KNN,Caution,0.947368,0.769231,0.849057,117
E3_AUGMENTED_TRAIN_MIXED_TEST,MixedTest,KNN,Risk,1.000000,0.837607,0.911628,117
VALIDATION_MIXED,MixedValidation,SVM,Good,0.977974,1.000000,0.988864,222
VALIDATION_MIXED,MixedValidation,SVM,Caution,0.990826,0.972973,0.981818,111
VALIDATION_MIXED,MixedValidation,SVM,Risk,1.000000,0.972973,0.986301,111
E2_AUGMENTED_TRAIN_REAL_TEST,RealTest,SVM,Good,1.000000,1.000000,1.000000,234
E2_AUGMENTED_TRAIN_REAL_TEST,RealTest,SVM,Caution,,,,0
E2_AUGMENTED_TRAIN_REAL_TEST,RealTest,SVM,Risk,,,,0
E3B_AUGMENTED_TRAIN_SYNTHETIC_TEST,SyntheticTest,SVM,Good,,,,0
E3B_AUGMENTED_TRAIN_SYNTHETIC_TEST,SyntheticTest,SVM,Caution,1.000000,0.974359,0.987013,117
E3B_AUGMENTED_TRAIN_SYNTHETIC_TEST,SyntheticTest,SVM,Risk,1.000000,0.957265,0.978166,117
E3_AUGMENTED_TRAIN_MIXED_TEST,MixedTest,SVM,Good,0.966942,1.000000,0.983193,234
E3_AUGMENTED_TRAIN_MIXED_TEST,MixedTest,SVM,Caution,1.000000,0.974359,0.987013,117
E3_AUGMENTED_TRAIN_MIXED_TEST,MixedTest,SVM,Risk,1.000000,0.957265,0.978166,117
VALIDATION_MIXED,MixedValidation,Decision Tree,Good,1.000000,1.000000,1.000000,222
VALIDATION_MIXED,MixedValidation,Decision Tree,Caution,1.000000,1.000000,1.000000,111
VALIDATION_MIXED,MixedValidation,Decision Tree,Risk,1.000000,1.000000,1.000000,111
E2_AUGMENTED_TRAIN_REAL_TEST,RealTest,Decision Tree,Good,1.000000,1.000000,1.000000,234
E2_AUGMENTED_TRAIN_REAL_TEST,RealTest,Decision Tree,Caution,,,,0
E2_AUGMENTED_TRAIN_REAL_TEST,RealTest,Decision Tree,Risk,,,,0
E3B_AUGMENTED_TRAIN_SYNTHETIC_TEST,SyntheticTest,Decision Tree,Good,,,,0
E3B_AUGMENTED_TRAIN_SYNTHETIC_TEST,SyntheticTest,Decision Tree,Caution,1.000000,1.000000,1.000000,117
E3B_AUGMENTED_TRAIN_SYNTHETIC_TEST,SyntheticTest,Decision Tree,Risk,1.000000,1.000000,1.000000,117
E3_AUGMENTED_TRAIN_MIXED_TEST,MixedTest,Decision Tree,Good,1.000000,1.000000,1.000000,234
E3_AUGMENTED_TRAIN_MIXED_TEST,MixedTest,Decision Tree,Caution,1.000000,1.000000,1.000000,117
E3_AUGMENTED_TRAIN_MIXED_TEST,MixedTest,Decision Tree,Risk,1.000000,1.000000,1.000000,117
VALIDATION_MIXED,MixedValidation,Random Forest,Good,1.000000,1.000000,1.000000,222
VALIDATION_MIXED,MixedValidation,Random Forest,Caution,1.000000,1.000000,1.000000,111
VALIDATION_MIXED,MixedValidation,Random Forest,Risk,1.000000,1.000000,1.000000,111
E2_AUGMENTED_TRAIN_REAL_TEST,RealTest,Random Forest,Good,1.000000,1.000000,1.000000,234
E2_AUGMENTED_TRAIN_REAL_TEST,RealTest,Random Forest,Caution,,,,0
E2_AUGMENTED_TRAIN_REAL_TEST,RealTest,Random Forest,Risk,,,,0
E3B_AUGMENTED_TRAIN_SYNTHETIC_TEST,SyntheticTest,Random Forest,Good,,,,0
E3B_AUGMENTED_TRAIN_SYNTHETIC_TEST,SyntheticTest,Random Forest,Caution,1.000000,1.000000,1.000000,117
E3B_AUGMENTED_TRAIN_SYNTHETIC_TEST,SyntheticTest,Random Forest,Risk,1.000000,1.000000,1.000000,117
E3_AUGMENTED_TRAIN_MIXED_TEST,MixedTest,Random Forest,Good,1.000000,1.000000,1.000000,234
E3_AUGMENTED_TRAIN_MIXED_TEST,MixedTest,Random Forest,Caution,1.000000,1.000000,1.000000,117
E3_AUGMENTED_TRAIN_MIXED_TEST,MixedTest,Random Forest,Risk,1.000000,1.000000,1.000000,117
