Dataset,Class,Count,Percent,TotalRows,RealRows,SyntheticRows,SyntheticPercent
RealTrain,Good,1101,100.0000,1101,1101,0,0.0000
RealTrain,Caution,0,0.0000,1101,1101,0,0.0000
RealTrain,Risk,0,0.0000,1101,1101,0,0.0000
SyntheticTrain,Good,0,0.0000,1100,0,1100,100.0000
SyntheticTrain,Caution,550,50.0000,1100,0,1100,100.0000
SyntheticTrain,Risk,550,50.0000,1100,0,1100,100.0000
AugmentedTrain,Good,1101,50.0227,2201,1101,1100,49.9773
AugmentedTrain,Caution,550,24.9886,2201,1101,1100,49.9773
AugmentedTrain,Risk,550,24.9886,2201,1101,1100,49.9773
RealValidation,Good,222,100.0000,222,222,0,0.0000
RealValidation,Caution,0,0.0000,222,222,0,0.0000
RealValidation,Risk,0,0.0000,222,222,0,0.0000
MixedValidation,Good,222,50.0000,444,222,222,50.0000
MixedValidation,Caution,111,25.0000,444,222,222,50.0000
MixedValidation,Risk,111,25.0000,444,222,222,50.0000
RealTest,Good,234,100.0000,234,234,0,0.0000
RealTest,Caution,0,0.0000,234,234,0,0.0000
RealTest,Risk,0,0.0000,234,234,0,0.0000
SyntheticTest,Good,0,0.0000,234,0,234,100.0000
SyntheticTest,Caution,117,50.0000,234,0,234,100.0000
SyntheticTest,Risk,117,50.0000,234,0,234,100.0000
MixedTest,Good,234,50.0000,468,234,234,50.0000
MixedTest,Caution,117,25.0000,468,234,234,50.0000
MixedTest,Risk,117,25.0000,468,234,234,50.0000
