Experiment,EvaluationSet,Model,Status,Reason,TrainRows,TestRows,RealTestRows,SyntheticTestRows,Accuracy,BalancedAccuracy,MacroPrecision,MacroRecall,MacroF1,WeightedF1,MCC,RiskRecall,RiskFalseNegatives,RiskSupport,ClassesPresent
E1_REAL_TRAIN_REAL_TEST,RealTest,KNN,SKIPPED_SINGLE_CLASS,Real training split contains fewer than two classes; three-class model fitting is not estimable.,1101,234,234,0,,,,,,,,,0,0,Good
E1_REAL_TRAIN_REAL_TEST,RealTest,SVM,SKIPPED_SINGLE_CLASS,Real training split contains fewer than two classes; three-class model fitting is not estimable.,1101,234,234,0,,,,,,,,,0,0,Good
E1_REAL_TRAIN_REAL_TEST,RealTest,Decision Tree,SKIPPED_SINGLE_CLASS,Real training split contains fewer than two classes; three-class model fitting is not estimable.,1101,234,234,0,,,,,,,,,0,0,Good
E1_REAL_TRAIN_REAL_TEST,RealTest,Random Forest,SKIPPED_SINGLE_CLASS,Real training split contains fewer than two classes; three-class model fitting is not estimable.,1101,234,234,0,,,,,,,,,0,0,Good
VALIDATION_MIXED,MixedValidation,KNN,OK,,2201,444,222,222,0.939189,0.918919,0.961617,0.918919,0.936872,0.938824,0.904549,0.891892,12,111,"Good, Caution, Risk"
E2_AUGMENTED_TRAIN_REAL_TEST,RealTest,KNN,OK,,2201,234,234,0,0.995726,0.995726,1.000000,0.995726,0.997859,0.997859,,,0,0,Good
E3B_AUGMENTED_TRAIN_SYNTHETIC_TEST,SyntheticTest,KNN,OK,,2201,234,0,234,0.803419,0.803419,0.978723,0.803419,0.882354,0.882354,0.699949,0.837607,19,117,"Caution, Risk"
E3_AUGMENTED_TRAIN_MIXED_TEST,MixedTest,KNN,OK,,2201,468,234,234,0.899573,0.867521,0.931547,0.867521,0.892068,0.897931,0.842431,0.837607,19,117,"Good, Caution, Risk"
VALIDATION_MIXED,MixedValidation,SVM,OK,,2201,444,222,222,0.986486,0.981982,0.989600,0.981982,0.985661,0.986462,0.978443,0.972973,3,111,"Good, Caution, Risk"
E2_AUGMENTED_TRAIN_REAL_TEST,RealTest,SVM,OK,,2201,234,234,0,1.000000,1.000000,1.000000,1.000000,1.000000,1.000000,,,0,0,Good
E3B_AUGMENTED_TRAIN_SYNTHETIC_TEST,SyntheticTest,SVM,OK,,2201,234,0,234,0.965812,0.965812,1.000000,0.965812,0.982589,0.982589,0.935964,0.957265,5,117,"Caution, Risk"
E3_AUGMENTED_TRAIN_MIXED_TEST,MixedTest,SVM,OK,,2201,468,234,234,0.982906,0.977208,0.988981,0.977208,0.982791,0.982891,0.972837,0.957265,5,117,"Good, Caution, Risk"
VALIDATION_MIXED,MixedValidation,Decision Tree,OK,,2201,444,222,222,1.000000,1.000000,1.000000,1.000000,1.000000,1.000000,1.000000,1.000000,0,111,"Good, Caution, Risk"
E2_AUGMENTED_TRAIN_REAL_TEST,RealTest,Decision Tree,OK,,2201,234,234,0,1.000000,1.000000,1.000000,1.000000,1.000000,1.000000,,,0,0,Good
E3B_AUGMENTED_TRAIN_SYNTHETIC_TEST,SyntheticTest,Decision Tree,OK,,2201,234,0,234,1.000000,1.000000,1.000000,1.000000,1.000000,1.000000,1.000000,1.000000,0,117,"Caution, Risk"
E3_AUGMENTED_TRAIN_MIXED_TEST,MixedTest,Decision Tree,OK,,2201,468,234,234,1.000000,1.000000,1.000000,1.000000,1.000000,1.000000,1.000000,1.000000,0,117,"Good, Caution, Risk"
VALIDATION_MIXED,MixedValidation,Random Forest,OK,,2201,444,222,222,1.000000,1.000000,1.000000,1.000000,1.000000,1.000000,1.000000,1.000000,0,111,"Good, Caution, Risk"
E2_AUGMENTED_TRAIN_REAL_TEST,RealTest,Random Forest,OK,,2201,234,234,0,1.000000,1.000000,1.000000,1.000000,1.000000,1.000000,,,0,0,Good
E3B_AUGMENTED_TRAIN_SYNTHETIC_TEST,SyntheticTest,Random Forest,OK,,2201,234,0,234,1.000000,1.000000,1.000000,1.000000,1.000000,1.000000,1.000000,1.000000,0,117,"Caution, Risk"
E3_AUGMENTED_TRAIN_MIXED_TEST,MixedTest,Random Forest,OK,,2201,468,234,234,1.000000,1.000000,1.000000,1.000000,1.000000,1.000000,1.000000,1.000000,0,117,"Good, Caution, Risk"
