Dataset,Rows,UniqueDates,StartDate,EndDate,RealRows,SyntheticRows
RealTrain,1101,31,2025-08-06,2026-04-08,1101,0
SyntheticTrain,1100,31,2025-08-06,2026-04-08,0,1100
AugmentedTrain,2201,31,2025-08-06,2026-04-08,1101,1100
RealValidation,222,7,2026-04-15,2026-06-04,222,0
SyntheticValidation,222,6,2026-04-21,2026-06-04,0,222
MixedValidation,444,7,2026-04-15,2026-06-04,222,222
RealTest,234,7,2026-06-10,2026-07-29,234,0
SyntheticTest,234,7,2026-06-10,2026-07-29,0,234
MixedTest,468,7,2026-06-10,2026-07-29,234,234
